"Category","Component","SourcePath","StoryPath","StoryIds","ReferenceStatus","PrimaryReferenceURL","SupplementalReferenceURLs","ReferenceSite","ReferencePatternObserved","ReferenceAccessedDate","SideBySideViewportAndStates","ReferenceEvidencePath","StorybookEvidencePath","ObservedDifferences","RequiredChanges","TaskAndSemantics","InteractionAndKeyboard","States","ResponsiveAndReflow","Themes","Density","Direction","Accessibility","BusinessSuiteConsumer","Overall","ReviewDate","EvidenceNotes"
"charts","box-plot-chart","src/charts/box-plot-chart","../src/charts/box-plot-chart/box-plot-chart.stories.tsx","charts-boxplotchart--anatomy-and-composition;charts-boxplotchart--default;charts-boxplotchart--density-gallery","LIVE COMPARISON RECORDED; CALIBRATION OPEN","https://www.highcharts.com/demo/highcharts/box-plot","https://plotly.com/javascript/box-plots/;https://echarts.apache.org/examples/en/editor.html?c=boxplot-light-velocity","Highcharts official demo (primary); Plotly.js and Apache ECharts official examples (supplemental)","Highcharts: five-number summaries, axes/grid/labels, outliers, chart description, accessible data-table control. Plotly: zoom/pan/reset and outlier modes. ECharts: axis units, category labels and separate boxplot/outlier transform results. Focused official shadcn search found no direct boxplot example.","2026-09-28","Opened all three reference examples and local BoxPlotChart Default Storybook canvas; same five-number summary task concept. Visual browser inspection only; browser canvases were not at identical viewport dimensions and no matched screenshot pair was saved.","docs/evidence/component-benchmarks/2026-09-28/box-plot-chart/comparison.md (three live official reference URLs; screenshots not retained)","http://localhost:6006/iframe.html?id=charts-boxplotchart--default&viewMode=story; docs/evidence/component-benchmarks/2026-09-28/box-plot-chart/comparison.md","References include readable numeric axes/scales, titles/units, group context and outlier semantics; Highcharts also exposes accessible ranges/data table and Plotly exposes chart controls. Strata is a static four-summary SVG with no scale, units, values alternative or controls. Q4 is gray due unresolved --color-error token.","Fix Q4 token; add task-fit axes/scale and title/units context; provide accessible values alternative; decide approved zoom/pan/outlier interaction scope; prove empty/invalid, responsive, 3-theme, density, RTL, accessibility and consumer states.","GAP — chart groups render but value scale, units, chart context and data values are absent.","GAP — static image; no keyboard-accessible chart controls or data navigation.","NOT VERIFIED — showOutliers exists; empty/invalid/error behavior not inspected.","NOT VERIFIED","NOT VERIFIED — Q4 token mismatch observed; other themes not checked.","NOT VERIFIED — density props/stories exist; no full reference matrix.","NOT VERIFIED","GAP — AX exposed one generic image name, not group/five-number values; screen reader not tested.","NOT VERIFIED","NOT VERIFIED","2026-09-28","Direct comparison: Highcharts 24/30 primary, Plotly 23/30 supplemental, ECharts 21/30 supplemental under task/semantics-weighted rubric; scores are provisional. See docs/evidence/component-benchmarks/2026-09-28/box-plot-chart/comparison.md. Browser captures inspected in-session, not saved; viewport matching and full matrix remain incomplete. Research only; elevation gate remains open."
"charts","bullet-chart","src/charts/bullet-chart","../src/charts/bullet-chart/bullet-chart.stories.tsx","charts-bulletchart--anatomy-and-composition;charts-bulletchart--default;charts-bulletchart--density-gallery","LIVE COMPARISON RECORDED; CALIBRATION OPEN","https://nivo.rocks/bullet/","https://www.highcharts.com/demo/highcharts/bullet-graph; https://experience.sap.com/fiori-design-web/bullet-micro-chart/","Nivo; Highcharts; SAP Fiori","Multiple qualitative ranges, actual measure bars, target markers, numeric scales, KPI labels; SAP enterprise micro-chart semantics","2026-09-28","Live references and Storybook default visually inspected; viewport dimensions not matched; Observable attempted but chart cells remained loading; no state matrix","docs/evidence/component-benchmarks/2026-09-28/bullet-chart/comparison.md","http://localhost:6006/iframe.html?id=charts-bulletchart--default&viewMode=story; inspected in-session, screenshot not retained","Range bands faint; no numeric scale/ticks or chart unit context; only one generic image accessible name; no interaction handlers","Clarify scale/unit contract; increase range distinction accessibly; expose values and ranges semantically; prove states, responsive, themes, densities, RTL, keyboard and consumer journey","PARTIAL","NOT VERIFIED","NOT VERIFIED","NOT VERIFIED","NOT VERIFIED","NOT VERIFIED","NOT VERIFIED","GAP","NOT VERIFIED","NOT VERIFIED","2026-09-28","Direct comparisons recorded; no screenshots retained and viewports were unmatched. Observable attempted but did not render. Overall quality matrix and consumer proof remain open."
"charts","candlestick-chart","src/charts/candlestick-chart","../src/charts/candlestick-chart/candlestick-chart.stories.tsx","charts-candlestickchart--anatomy-and-composition;charts-candlestickchart--default;charts-candlestickchart--density-gallery","LIVE COMPARISON RECORDED; CALIBRATION OPEN","https://www.highcharts.com/demo/stock/candlestick","https://echarts.apache.org/examples/en/editor.html?c=candlestick-sh&theme=dark; https://tradingview.github.io/lightweight-charts/tutorials/demos/realtime-updates","Highcharts Stock; Apache ECharts; TradingView Lightweight Charts","OHLC candles with date/price axes, grids, range selection/navigator, accessible data table and realtime updates","2026-09-28","Local Storybook default and three official refs inspected; viewport dimensions not matched; realtime chart below TradingView initial viewport","docs/evidence/component-benchmarks/2026-09-28/candlestick-chart/comparison.md","http://localhost:6006/iframe.html?id=charts-candlestickchart--default&viewMode=story; inspected in-session, screenshot not retained","Only six centered candles; no date/price axes, scale, grid or controls; generic image accessible label hides SVG titles; bearish color uses potentially unresolved --color-error token","Verify real consumer need; resolve semantic color; provide time/value context and accessible OHLC alternative; define data/interaction states; verify themes, densities, viewports, RTL and keyboard","GAP","GAP","NOT VERIFIED","NOT VERIFIED","NOT VERIFIED","NOT VERIFIED","NOT VERIFIED","GAP","NOT VERIFIED","NOT VERIFIED","2026-09-28","Live comparisons recorded; no screenshots retained and viewports were unmatched. TradingView embedded chart was not visually assessed. Overall quality matrix and real consumer need remain open."
"charts","chart","src/charts/chart","../src/charts/chart/chart.stories.tsx","charts-charts--all-states-gallery;charts-charts--anatomy-and-composition;charts-charts--default;charts-charts--density-gallery","LIVE COMPARISON RECORDED; SCOPE OPEN","https://ui.shadcn.com/docs/components/aria/chart","https://ui.shadcn.com/charts/area; https://recharts.github.io/en-US/examples/; https://github.com/recharts/recharts/blob/main/storybook/stories/API/Accessibility.mdx","shadcn/ui; Recharts","Composed responsive chart container, grid, axis, tooltip, legend, series config, theme and accessibility layer; interactive bar chart","2026-09-28","Local KPI-card default and shadcn chart documentation inspected; reference dimensions not matched; no theme/state/keyboard matrix","docs/evidence/component-benchmarks/2026-09-28/chart/comparison.md","http://localhost:6006/iframe.html?id=charts-charts--default&viewMode=story; inspected in-session, screenshot not retained","Default renders three KPI cards, not a plot; module mixes wrapper and multiple distinct chart primitives; table fallback has repeated fixed id; clickable KPI divs and incomplete accessible alternatives require audit","Map each export to consumer journey/story/owner; clarify public scope; audit semantic controls, unique table IDs, data alternatives and tokens; prove states/themes/density/RTL/accessibility/consumer behavior","GAP","GAP","PARTIAL","NOT VERIFIED","NOT VERIFIED","NOT VERIFIED","NOT VERIFIED","GAP","NOT VERIFIED","NOT VERIFIED","2026-09-28","Reference is useful but not one-to-one: local default shows KPI cards; the umbrella module exports many distinct elements. Screenshots not retained; dashboard preview route returned 404. Overall matrix remains open."
"charts","donut-chart","src/charts/donut-chart","../src/charts/donut-chart/donut-chart.stories.tsx","charts-donutchart--anatomy-and-composition;charts-donutchart--default;charts-donutchart--density-gallery","LIVE COMPARISON RECORDED; DATA CONTRACT OPEN","https://ui.shadcn.com/view/new-york-v4/chart-pie-donut-text","https://nivo.rocks/pie/; https://ui.shadcn.com/charts/pie; https://ui.shadcn.com/docs/components/aria/chart","shadcn/ui; Nivo","Centered metric with context, category ring, external labels, legend, active-segment and tooltip/config patterns","2026-09-28","Local default and two live donut references visually inspected; viewport dimensions not matched; no keyboard/theme/mobile matrix","docs/evidence/component-benchmarks/2026-09-28/donut-chart/comparison.md","http://localhost:6006/iframe.html?id=charts-donutchart--default&viewMode=story; inspected in-session, screenshot not retained","Local default has centered 100% total but omits category labels/values and context; accessible tree exposes center text only; zero/invalid-total behavior is undefined","Establish real consumer/data semantics; add category value alternative; define empty/zero/negative/nonfinite/partial data; preserve zero values; verify interaction, themes, sizes, RTL, reflow and consumer states","PARTIAL","NOT VERIFIED","GAP","NOT VERIFIED","NOT VERIFIED","PARTIAL","NOT VERIFIED","GAP","NOT VERIFIED","NOT VERIFIED","2026-09-28","Live comparison recorded; screenshots not retained and viewports unmatched. Overall quality matrix and consumer proof remain open."
"charts","funnel-chart","src/charts/funnel-chart","../src/charts/funnel-chart/funnel-chart.stories.tsx","charts-funneldropoffanalyzer--all-states-gallery;charts-funneldropoffanalyzer--anatomy-and-composition;charts-funneldropoffanalyzer--default;charts-funneldropoffanalyzer--density-gallery;charts-funneldropoffanalyzer--selected-step-inspection","LIVE COMPARISON RECORDED; CONSUMER SCOPE OPEN","https://www.highcharts.com/demo/highcharts/funnel","https://nivo.rocks/funnel/; https://help.qlik.com/en-US/sense/May2025/Subsystems/Hub/Content/Sense_Hub/Visualizations/VisualizationBundle/funnel-chart.htm","Highcharts; Nivo; Qlik Sense","Sequential subset stages, narrowing funnel geometry, stage/value labels; selection, stage drop-off and enterprise funnel use semantics","2026-09-28","Local conversion-analyzer panel and three official references inspected; viewport dimensions not matched; no interaction/responsive/theme/RTL matrix","docs/evidence/component-benchmarks/2026-09-28/funnel-chart/comparison.md","http://localhost:6006/iframe.html?id=charts-funneldropoffanalyzer--default&viewMode=story; inspected in-session, screenshot not retained","Strata renders horizontal stage bars plus cohort filter, selectable steps and diagnostic pane; references use narrowing geometry. Zero counts still get 8% bar, metrics are caller-supplied and can contradict counts, no explicit empty state","Confirm real consumer and choose analyzer vs chart contract; validate counts/formulas/data and filter behavior; define empty/loading/error states; verify keyboard, screen reader, responsive, themes, density, RTL and journey","PARTIAL","PARTIAL","GAP","NOT VERIFIED","NOT VERIFIED","NOT VERIFIED","NOT VERIFIED","PARTIAL","NOT VERIFIED","NOT VERIFIED","2026-09-28","Direct reference comparison recorded; the component is an analytics panel, not a conventional funnel plot. Screenshots not retained and viewports unmatched; consumer scope and data proof open."
"charts","gauge-chart","src/charts/gauge-chart","../src/charts/gauge-chart/gauge-chart.stories.tsx","charts-slaperformancegauge--all-states-gallery;charts-slaperformancegauge--anatomy-and-composition;charts-slaperformancegauge--breached;charts-slaperformancegauge--default;charts-slaperformancegauge--density-gallery","LIVE COMPARISON RECORDED; CALIBRATION OPEN","https://horizon.servicenow.com/workspace/components/now-sla-timer?release=brazil","https://mui.com/x/react-charts/gauge/; https://learn.microsoft.com/en-us/dynamics365/customer-service/administer/add-timer-control-case-form-track-time-against-sla","ServiceNow Horizon; MUI X; Microsoft Dynamics","Horizon SLA timer states/timing semantics (official text only); MUI bounded radial meter and aria-valuetext; Microsoft SLA KPI timer context","2026-09-28","Local live Storybook default visual/AX inspected; browser viewports unmatched; Horizon visual blocked by cookie/upgrade overlays; Microsoft text only","docs/evidence/component-benchmarks/2026-09-28/gauge-chart/comparison.md","http://localhost:6006/iframe.html?id=charts-slaperformancegauge--default&viewMode=story; visual/AX inspected in-session, screenshot not retained","SLA workflow monitor exported as GaugeChart rather than conventional radial meter; contradictory business-hours label; input-order severity selection may hide breach; invalid bounds/status, empty and money precision behavior undefined","Map exact consumers and duplicate generic gauge; establish typed SLA/calendar/status/units/money contract; correct truthful clock label and deterministic severity; validate bounds and define empty/zero states; prove a11y, interaction, responsive/theme/density/RTL and consumer journey","PARTIAL — local SLA monitor task is clear, but ownership/naming and contracts unverified","NOT VERIFIED","NOT VERIFIED","NOT VERIFIED","NOT VERIFIED","NOT VERIFIED","NOT VERIFIED","GAP — sampled progressbar value 70 and milestone text exposed; duration text, screen reader and matrix not verified","NOT VERIFIED","NOT VERIFIED","2026-09-28","Research only; visual reference matrix and consumer proof incomplete. See comparison.md. Elevation freeze remains."
"charts","heatmap-chart","src/charts/heatmap-chart","../src/charts/heatmap-chart/heatmap-chart.stories.tsx","charts-heatmapchart--anatomy-and-composition;charts-heatmapchart--default;charts-heatmapchart--density-gallery","LIVE COMPARISON RECORDED; CALIBRATION OPEN","https://support.clicktime.com/hc/en-us/articles/39650150557709-Use-the-Capacity-View","https://mui.com/x/react-charts/heatmap/; https://www.highcharts.com/demo/highcharts/heatmap","ClickTime; MUI X; Highcharts","ClickTime staff/month capacity and allocation workflow; MUI plotted matrix with numeric scale, legend, highlight and tooltip; Highcharts labeled cells, chart summary and data table","2026-09-28","Local Storybook default and MUI/Highcharts/ClickTime reference pages visually/AX inspected; unmatched viewport; ClickTime product runtime not available; screenshots not retained","docs/evidence/component-benchmarks/2026-09-28/heatmap-chart/comparison.md","http://localhost:6006/iframe.html?id=charts-heatmapchart--default&viewMode=story; visual/AX inspected in-session","Hyphenated IDs break selected drilldown key parsing; positive allocation at zero capacity reads 0%; 85%/100% threshold labels do not match comparisons; generic periods labeled Sprints; scroll region not focusable or named; overlapping generic HeatmapChart export","Map both exports and consumers; define capacity/period/zero/threshold/aggregate contract; use collision-safe selection identity; add hyphenated-ID story; make scroll accessible; prove narrow/theme/density/direction/keyboard/screen-reader and full consumer journey","PARTIAL — resource allocation task fits ClickTime; API ownership and aggregate/status semantics unverified","GAP — native cell controls exposed; code lookup prevents hyphenated sample drilldown; complete keyboard behavior unverified","GAP — populated/default visually inspected; zero capacity and empty/invalid states undefined; consumer states unverified","NOT VERIFIED","NOT VERIFIED","NOT VERIFIED","NOT VERIFIED","GAP — named table and cell names expose values in AX; role appears checkbox from aria-pressed; scrolling, SR, keyboard matrix unverified","NOT VERIFIED — no direct import found in checked Business Suite source path; journey and whole-repo audit remain","NOT VERIFIED","2026-09-28","Research only; direct visual matrix unmatched and captures not retained. See comparison.md. Elevation freeze remains."
"charts","radar-chart","src/charts/radar-chart","../src/charts/radar-chart/radar-chart.stories.tsx","charts-radarchart--anatomy-and-composition;charts-radarchart--default;charts-radarchart--density-gallery","LIVE COMPARISON RECORDED; CALIBRATION OPEN","https://mui.com/x/react-charts/radar/","https://echarts.apache.org/examples/en/editor.html?c=radar&lang=js; https://www.highcharts.com/demo/highcharts/polar","MUI X; Apache ECharts; Highcharts","MUI metric ranges, multi-series, highlight/tooltips and focused-mark keyboard guidance; ECharts per-axis maxima; Highcharts radial axis, visibility toggles and accessible data table","2026-09-28","Local Storybook, MUI, ECharts and Highcharts live visuals/source/AX inspected in-session; viewport sizes unmatched; screenshots not retained","docs/evidence/component-benchmarks/2026-09-28/radar-chart/comparison.md","http://localhost:6006/iframe.html?id=charts-radarchart--default&viewMode=story; visual/AX inspected in-session","Local fixed 0–100 domain, unlabeled rings, no interaction, generic role=img name; AX tree hides metric/legend values; shape/value lengths and ranges unchecked; density changes padding only; no Business Suite consumer found","Establish workflow/consumer and retain/deprecate decision; define common/per-axis scale/data validation; provide full accessible data, meaningful name and keyboard path; improve scale labels/series distinction/reflow; verify density/themes/direction/zoom and consumer journey","PARTIAL — generic multivariate comparison matches references, but Business Suite task/domain and scale semantics unowned","GAP — static SVG only; no chart focus, series highlight, tooltip or keyboard interaction","NOT VERIFIED","GAP — fixed-size SVG, overflow hidden and fixed label placement; narrow/long-label reflow not verified","NOT VERIFIED","GAP — variants adjust container spacing only; story manually changes size","NOT VERIFIED","GAP — live AX tree exposes only generic Radar chart image, not metric names, dataset labels or values","GAP — repository search found no active application consumer; exact use case unproven","NOT VERIFIED","2026-09-28","Research only; viewport matching and full accessibility/state matrices remain open. See comparison.md. Elevation freeze remains."
"charts","sankey-diagram","src/charts/sankey-diagram","../src/charts/sankey-diagram/sankey-diagram.stories.tsx","charts-sankeydiagram--anatomy-and-composition;charts-sankeydiagram--default;charts-sankeydiagram--density-gallery","LIVE COMPARISON RECORDED; CALIBRATION OPEN","https://mui.com/x/react-charts/sankey/","https://developers.google.com/chart/interactive/docs/gallery/sankey; https://www.highcharts.com/demo/highcharts/sankey-diagram","MUI X (primary); Google Charts; Highcharts","True source-target links with width proportional to flow; explicit/automatic node layout; alignment/order; tooltip/value formatting; click/highlight; focused node/link; Google selection and row contract","2026-09-28","Local default and MUI X Sankey page/demo visually inspected in-session; reference cookie panel partly obscured chart; viewport unmatched; screenshots inspected inline but not retained","docs/evidence/component-benchmarks/2026-09-28/sankey-diagram/comparison.md","http://localhost:6006/iframe.html?id=charts-sankeydiagram--default&viewMode=story; visual and AX inspected in-session","Local center bands are detached full-width rectangles, not links; all link widths equal; totals normalized by sum across all stages; nodeWidth prop ignored; unlinked nodes omitted; input values/graph unchecked; AX tree exposes only generic Sankey diagram; no keyboard interaction","Establish owned Business Suite flow-analysis journey; define graph/value semantics and bounds; implement actual weighted source-target links and node layout; use nodeWidth; expose full data accessibly with specified keyboard path; cover empty/invalid/long graphs, reflow, themes, density, RTL and applicable interactions","GAP — flow task suggested but graph is not visibly connected; Business Suite need unproven","GAP — detached bands and title attributes do not convey link mapping or support item navigation","NOT VERIFIED","GAP — hidden overflow and potential node overflow; narrow/large graph reflow unverified","NOT VERIFIED","NOT VERIFIED — story varies data and height alongside density","NOT VERIFIED","GAP — live AX tree exposes only generic image/container label, without nodes, links or values","GAP — repository search found no active Business Suite consumer; journey/owner unknown","NOT VERIFIED","2026-09-28","MUI 26/30, Highcharts 25/30, Google Charts 21/30 provisional reference scores, not Strata readiness. Local/reference viewport unmatched; screenshots not retained. Research only; gate remains open. See comparison.md."
"charts","scatter-chart","src/charts/scatter-chart","../src/charts/scatter-chart/scatter-chart.stories.tsx","charts-scatterchart--anatomy-and-composition;charts-scatterchart--default;charts-scatterchart--density-gallery","LIVE COMPARISON RECORDED; CALIBRATION OPEN","https://mui.com/x/react-charts/scatter/","https://www.highcharts.com/demo/highcharts/scatter","MUI X (primary); Highcharts (supplemental)","Continuous labeled x/y axes and numeric context; grid; named multiple series; stable point IDs; hover tooltip/highlight and click; hit area; accessible focused mark; Highcharts chart description, series toggles, point coordinate names and data table","2026-09-28","Local Storybook Default, MUI processor-density chart and Highcharts athlete height/weight chart visually/AX inspected live. Different data and unmatched viewports; inline captures not retained. Highcharts chart part inspected in AX tree; screen reader not tested.","docs/evidence/component-benchmarks/2026-09-28/scatter-chart/comparison.md","http://localhost:6006/iframe.html?id=charts-scatterchart--default&viewMode=story; visual and AX inspected in-session","Local chart has only baselines/axis labels, no ticks/grid/numeric context, fixed zero-to-max scale and generic role=img name. showTrendLine is ignored; titles and coordinates are hidden by aria-hidden SVG; markers colored per point without named series; input/bounds/empty behavior unchecked; viewBox fixed at 400 units; density only changes padding.","Map analytics architecture's scatter task to route/owner/data; reconcile default-chart-type setting to rendering; define units/domains/ticks/negative and missing values/series identity/overlap/performance; implement or remove ignored trendline prop compatibly; expose full point data and keyboard navigation; prove consumer journey and theme/density/RTL/narrow/accessibility/data states","PARTIAL — documented bivariate analytics task exists, but scale/domain semantics and direct Strata use are unproven","GAP — showTrendLine ignored; no item focus, keyboard navigation, hover/tooltip or selection API","NOT VERIFIED","GAP — fixed viewBox/height and hidden overflow; long labels/narrow viewports unverified","NOT VERIFIED","GAP — density changes container padding only; gallery varies height and data too","NOT VERIFIED","GAP — live AX tree exposes only generic image name; point labels/coordinates hidden with SVG","PARTIAL — analytics architecture describes complex scatterplots and API offers scatter default; no direct Strata component use or end-to-end route proof","NOT VERIFIED","2026-09-28","MUI 26/30 and Highcharts 26/30 provisional reference scores, not Strata readiness. Direct page/Storybook visuals inspected; data and viewport not matched; screenshots not retained. See comparison.md. Calibration gate remains open."
"charts","sparkline","src/charts/sparkline","../src/charts/sparkline/sparkline.stories.tsx","charts-sparklinegrid--all-states-gallery;charts-sparklinegrid--anatomy-and-composition;charts-sparklinegrid--default;charts-sparklinegrid--density-gallery","LIVE COMPARISON RECORDED; CALIBRATION OPEN","https://mui.com/x/react-charts/sparkline/","https://www.ag-grid.com/react-data-grid/sparklines-overview/","MUI X official Sparkline docs/demo (primary); AG Grid official Sparklines overview (supplemental)","MUI: compact inline/dashboard sparkline with line/area/bar, optional tooltip/highlight, x labels and bounded y scale. AG Grid: line/area/column/bar mini charts within grid cells; Enterprise feature.","2026-09-28","Visually inspected local SparklineGrid Default and live MUI X Sparkline demo plus AG Grid Sparklines Overview. Task-pattern comparison only: different sample content and unmatched viewport; screenshots not retained.","docs/evidence/component-benchmarks/2026-09-28/sparkline/comparison.md (live MUI X and AG Grid official references; screenshots not retained)","http://localhost:6006/iframe.html?id=charts-sparklinegrid--default&viewMode=story; docs/evidence/component-benchmarks/2026-09-28/sparkline/comparison.md","Strata export Sparkline aliases a 4-column metric table; Tenant Admin call sites expect primitive data/width/height/color/fill props, and Business Suite analytics duplicates a private primitive. Local hidden SVG provides no trend/value alternative; per-series min/max hides scale/time context. See packet.","Resolve primitive versus composite export/API identity and owner; define scale, period, units, direction and data-boundary semantics; expose accessible trend/value context; prove states, reflow, themes/density, RTL, zoom and consumer journey after calibration gate.","GAP — product uses require a primitive beside KPI values; current public Sparkline alias is a composite table and call-site API differs.","NOT VERIFIED","NOT VERIFIED — no loading/empty/error/invalid/disabled/selected behavior proved; fewer than two values silently omit the line.","NOT VERIFIED — overflow is enabled; narrow layout and long labels were not inspected.","NOT VERIFIED","NOT VERIFIED — four density options exist; reference/matrix comparison is incomplete.","NOT VERIFIED","GAP — local SVG is aria-hidden and the accessibility tree omits historical values/trend meaning; keyboard/AT proof remains open.","GAP — Business Suite uses a private duplicate; Tenant Admin callers use primitive props incompatible with Strata SparklineGrid alias. No integrated journey proof.","NOT VERIFIED","2026-09-28","Direct research only. Provisional reference usefulness scores: MUI X 26/30; AG Grid 21/30. Do not interpret as readiness. See comparison.md. Calibration gate remains open."
"charts","treemap-chart","src/charts/treemap-chart","../src/charts/treemap-chart/treemap-chart.stories.tsx","charts-treemapchart--anatomy-and-composition;charts-treemapchart--default;charts-treemapchart--density-gallery","REFERENCES INSPECTED; STORYBOOK PREVIEW BLOCKED; CALIBRATION OPEN","https://recharts.github.io/en-US/examples/NestedTreemap/","https://echarts.apache.org/examples/en/editor.html?c=treemap-simple;https://developers.google.com/chart/interactive/docs/gallery/treemap","Recharts official Nested Treemap (primary); Apache ECharts official Basic Treemap; Google Charts official Treemaps","Recharts: nested area layout, click-to-zoom, breadcrumb, tooltip. ECharts: hierarchical rectangles and breadcrumb. Google: node size plus color dimension, scale, labels, highlight, drill/roll-up, tooltips.","2026-09-28","Online live examples opened and visually inspected; Recharts node clicked and tooltip observed. Local canvas and manager remained on Storybook loading spinner; same-content/viewports and local states could not be compared. Story URL HTTP 200; screenshots not retained.","docs/evidence/component-benchmarks/2026-09-28/treemap-chart/comparison.md (three live references; local Storybook preview blocked; screenshots not retained)","http://localhost:6006/iframe.html?id=charts-treemapchart--default&viewMode=story; manager story charts-treemapchart--default; browser remained on loading spinner.","Source uses a flex row weighted by top-level values, so this is not a 2D treemap; declared children are ignored. Root role=img with generic name hides all cell details from AT. Local live visual comparison is blocked. No direct Business Suite consumer found.","Define ERP task/owner and hierarchy/value/color semantics; build real 2D nested rectangle layout with data and invalid-state policy; expose accessible node/value/parent alternative and keyboard interaction if drilldown is required; diagnose Storybook preview and complete full quality/consumer matrix after calibration gate.","GAP — public component says hierarchical treemap but renders only a top-level weighted flex strip; no active route consumer established.","GAP — no selection, drilldown, breadcrumb, or keyboard navigation in local source.","NOT VERIFIED — current Storybook canvas did not finish loading; empty/invalid/loading/error/selection states not evidenced.","NOT VERIFIED — local preview blocked; min cell size and overflow may distort layouts.","NOT VERIFIED","NOT VERIFIED — four options are declared, but no matrix could be inspected.","NOT VERIFIED","GAP — root has generic role=img label and hides descendant cell labels/values; no data alternative.","GAP — L0 chartType contract includes TREEMAP, but no Strata import/use found; reporting drilldown currently renders a DataTable.","NOT VERIFIED","2026-09-28","Three live official implementations inspected: Recharts 24/30 primary, ECharts 23/30 and Google Charts 21/30 provisional rubric scores. Not Strata readiness ratings. Local story URL returns 200 but visible renderer is stuck loading. Calibration gate stays open."
"charts","waterfall-chart","src/charts/waterfall-chart","../src/charts/waterfall-chart/waterfall-chart.stories.tsx","charts-waterfallchart--anatomy-and-composition;charts-waterfallchart--default;charts-waterfallchart--density-gallery","LIVE COMPARISON RECORDED; CALIBRATION OPEN","https://recharts.github.io/en-US/examples/Waterfall/","https://www.highcharts.com/demo/highcharts/waterfall; https://plotly.com/python/waterfall-charts/","Official Recharts example (primary); Highcharts and Plotly official examples (supplemental)","Cumulative start/end ranges and floating increments; explicit total measures; connectors; axes/context; value labels/tooltips; Plotly multi-category/horizontal options; open React composition is closest shadcn ecosystem equivalent.","2026-09-28","Local Storybook Default and all three online reference examples visually inspected in browser. Viewport geometry not normalized; screenshots inspected in-session but not retained. Local AX tree exposes only generic Waterfall chart image. No interaction/theme/density/state matrix.","docs/evidence/component-benchmarks/2026-09-28/waterfall-chart/comparison.md","http://localhost:6006/iframe.html?id=charts-waterfallchart--default&viewMode=story; observations in docs/evidence/component-benchmarks/2026-09-28/waterfall-chart/comparison.md","Local bars independently originate at baseline; no cumulative ranges or connectors, and showConnectors is ignored. isTotal changes color only. No axis/currency/unit context, total sign can be misleading, ending label clipped, duplicate labels collide as keys, and one generic image hides point values. References show cumulative bars, totals, connectors and finance context.","Add backward-compatible relative/total datum semantics and cumulative geometry/connectors; define formatted units/scale and invalid/empty inputs; expose accessible values/table alternative; fix clipping/stable identity; provide states and full themes/density/direction/responsive/200%/forced-colour/reduced-motion/keyboard/screen-reader proof; verify package and real finance consumer after calibration gate.","GAP — current component does not represent the cumulative waterfall task or distinguish total geometry/semantics.","GAP — no chart interaction or keyboard data navigation; public showConnectors option has no effect.","NOT VERIFIED — no empty/invalid/loading/error/selected states reviewed.","GAP — Ending Cash label clips at default size; narrow/200% reflow not reviewed.","NOT VERIFIED","NOT VERIFIED","NOT VERIFIED","GAP — local AX tree contains only generic image name, with no exposed categories or values; screen reader not tested.","PARTIAL — dashboard WATERFALL contract and two finance endpoint classifications establish task/data surface; no direct Strata import or end-to-end route use found.","NOT VERIFIED","2026-09-28","Reference scores: Recharts 25/30, Highcharts 25/30, Plotly 23/30 under task/semantics-weighted rubric; provisional reference usefulness only. No retained screenshots or matched viewports. Research only; Input/DataTable/Breadcrumb calibration gate still open."
"compositions","accordion","src/compositions/accordion","../src/compositions/accordion/accordion.stories.tsx","compositions-accordion--all-states-gallery;compositions-accordion--anatomy-and-composition;compositions-accordion--collapsible-disclosure;compositions-accordion--compound-components;compositions-accordion--default;compositions-accordion--density-gallery","LIVE COMPARISON RECORDED; CALIBRATION OPEN","https://ui.shadcn.com/docs/components/base/accordion","https://www.radix-ui.com/primitives/docs/components/accordion; https://mui.com/material-ui/react-accordion/; https://21st.dev/community/components/shadcnspace/accordion-space","Official shadcn Accordion (primary); Radix, MUI, and ShadcnSpace on 21st.dev (supplemental)","shadcn: compound parts, single/multiple/disabled/RTL/borders/card and semantic heading-button-panel tree. Radix: full keyboard/orientation/RTL, controlled modes and disabled state. MUI: heading levels, region relationships, controlled/disabled/mount lifecycle and actions. 21st: title/subtitle/icon groups and nested disclosure.","2026-09-28","Local Default and shadcn first-open state visually compared at 1280x720 with light appearance. Local click on second trigger and Enter toggle observed. Radix/MUI/21st live examples also inspected; broader state and matrix coverage remains incomplete.","design-system/docs/evidence/component-benchmarks/2026-09-28/accordion/comparison.md","http://localhost:6006/iframe.html?id=compositions-accordion--default&viewMode=story; local observations in design-system/docs/evidence/component-benchmarks/2026-09-28/accordion/comparison.md","Local centered bordered box and sunken gray trigger rows are denser/more boxed than shadcn separator-led treatment. Native triggers expose expanded/collapsed state, but local tree has no heading role, aria-controls, panel ID/relationship or region; Enter and click worked. Composition Collapsible/Disclosure diverges from separate primitive Collapsible. No direct Business Suite JSX use found.","Add stable trigger/panel relationships and page-appropriate heading structure; define arrow/Home/End focus model; reconcile duplicate Collapsible via additive adapter after consumer/export mapping; verify controlled/single/multiple/disabled/empty/unmount cases, all three themes/four densities/LTR-RTL/responsive/200% zoom/forced colours/reduced motion and representative screen reader; prove published package and real Business Suite journey after calibration.","PARTIAL — progressive disclosure works, but trigger heading and labelled panel relationships are absent.","PARTIAL — local click and Enter activation observed; arrow/Home/End focus movement and keyboard matrix not established.","PARTIAL — stories cover first-open, collapsed, selected index, compound and a multiple-mode composition; disabled, empty, long-content and preservation cases not reviewed.","NOT VERIFIED — fixed 500px story; no narrow/wide/200% reflow review.","NOT VERIFIED — only local light appearance inspected.","NOT VERIFIED — four density styles/stories exist; effective rendered sizes and minimum text-size gate not verified.","NOT VERIFIED — RTL example exists only in reference; local behavior not reviewed.","GAP — local AX tree exposes buttons and open content text without heading/panel relationships; screen reader and automated axe were not run.","GAP — no direct Accordion/Disclosure JSX consumer found. Three Business Suite routes import Disclosure, but those names occur only on import lines; sidebar E2E toggles its own navigation section.","NOT VERIFIED","2026-09-28","Provisional reference usefulness scores: shadcn 28/30 primary, Radix 27/30, MUI 25/30, 21st.dev 22/30; rubric detailed in packet. Local interaction observation only; screenshots not retained. Research only; calibration gate remains open."
"compositions","approval-chain","src/compositions/approval-chain","../src/compositions/approval-chain/approval-chain.stories.tsx","compositions-approvalchain--all-states-gallery;compositions-approvalchain--anatomy-and-composition;compositions-approvalchain--default;compositions-approvalchain--density-gallery","LIVE COMPARISON RECORDED; CALIBRATION OPEN","https://ant.design/components/steps/","https://mui.com/material-ui/react-stepper/; https://21st.dev/community/components/nyxbui/stepper/default; https://help.sap.com/docs/SAP_FIORI/d2c296c4f32d4f2a9e3752f58d5ef222/ca39ef400efe4820826a108153a30b38.html","Ant Design Steps (primary); MUI Stepper and 21st.dev Nyxb UI Stepper (supplemental); SAP Fiori My Inbox (workflow semantics)","Ant: process/finished/waiting/error and vertical/clickable/panel/inline variants. MUI: linear/nonlinear, vertical and actionable-step accessibility guidance. 21st.dev: shadcn-community wizard preview, not approval history. SAP: approval actions and chronological task history; behavior evidence only.","2026-09-28","Live local Default visually/AX inspected at 1280x720. Ant, MUI, 21st.dev and SAP references inspected; no matched viewport screenshots retained. Full state/theme/reflow/keyboard matrix not inspected.","docs/evidence/component-benchmarks/2026-09-28/approval-chain/comparison.md","http://localhost:6006/iframe.html?id=compositions-approvalchain--default&viewMode=story; live AX tree and visual inspected in-session","Local vertical cards show quorum, SLA, approver chips and inline actions. Delegated/skipped map to pending style; approver status is not exposed in AX; decision dates are omitted; only first comment is shown; quorum copy has ambiguous edge cases. No empty-chain pattern shown.","Clarify presentational boundary; define status/quorum and SLA/audit contracts; expose status/action context semantically; define mutation pending/result/conflict states through consumer; verify density, reflow, theme, direction, keyboard, screen reader, zoom and a real Business Suite journey after calibration gate.","PARTIAL — rich vertical approval summary fits the task, but it is not a wizard or workflow authority; no ordered/named timeline or current-step semantics.","PARTIAL — native Approve/Reject/Delegate buttons render for caller-set canApprove; key/focus/action context and async outcomes not verified; server must reauthorize.","GAP — approved/rejected receive distinct step styling; delegated/skipped and approver pending status lack equivalent distinction; empty/invalid/inconsistent data behavior undefined.","NOT VERIFIED","NOT VERIFIED","GAP — four density props/stories exist; ultra-compact approver text uses 10px fallback; rendered legibility and full density matrix unverified.","NOT VERIFIED","GAP — live AX tree exposes step headings and action buttons but not approver statuses or a named ordered timeline; keyboard, screen reader, contrast, and zoom not tested.","NOT VERIFIED — no direct ApprovalChain JSX consumer found in Business Suite. Tenant-scoped workflow approval routes exist but do not prove UI adoption.","NOT VERIFIED","2026-09-28","Research only. See docs/evidence/component-benchmarks/2026-09-28/approval-chain/comparison.md and iteration-report.md. Screenshots not retained; dimensions unmatched. No implementation or tests run; calibration freeze remains active."
"compositions","card","src/compositions/card","../src/compositions/card/card.stories.tsx","compositions-card--all-states-gallery;compositions-card--anatomy-and-composition;compositions-card--default;compositions-card--density-gallery","LIVE COMPARISON RECORDED; REQUIREMENT GAP; CALIBRATION OPEN","https://ui.shadcn.com/docs/components/base/card","https://fluent2.microsoft.design/components/web/react/core/card/usage; https://mui.com/material-ui/react-card/","shadcn/ui (primary); Fluent 2 and MUI Card (supplementary)","shadcn: live slot composition, CardAction, default/small size, shared spacing, image and RTL examples. Fluent 2: flexible orientation/sizing and explicit action/focus behavior guidance (example preview loading). MUI: separate primary action area and supplemental controls.","2026-09-28","Local Default and anatomy Storybook canvases and shadcn Card page visually/AX inspected at 1280x720. Anatomy/card patterns are comparable; text contents differ. Screenshots not retained; no matched theme/density/responsive matrix.","docs/evidence/component-benchmarks/2026-09-28/card/comparison.md","http://localhost:6006/iframe.html?id=compositions-card--default&viewMode=story; http://localhost:6006/iframe.html?id=compositions-card--anatomy-and-composition&viewMode=story","Slot anatomy closely matches shadcn. Local root defaults to 16px padding while subslots also inset, so compound spacing can stack; story avoids this with padding=none. Ultra-compact root and description now use an 11px micro-token fallback; other computed density/token values remain unverified. No CardAction equivalent; hover prop makes an inert div pointer-like without focus affordance.","Resolve text minimum and compound spacing contract; decide CardAction/interaction scope from actual consumers; retain semantic native anchors/buttons and visible focus; prove all density/theme/direction/reflow/zoom/a11y states and a rendered Business Suite route.","PARTIAL — generic grouped surface fits single-subject summary and compounds; accepted ADR-0008 reserves it for independent summaries/choices, not default page container.","PARTIAL — root is a neutral div, which is suitable for static card; caller owns anchor/button semantics. hover=true alone creates cursor/visual lift without focus/action semantics. Keyboard paths unverified.","NOT VERIFIED — padding/hover stories present; no comprehensive empty/loading/error/selected/actionable state matrix, and meaning is consumer-owned.","NOT VERIFIED","NOT VERIFIED","PARTIAL — source fallbacks now use the approved 11px micro token under ADR-0009 and DS-NFR-006; computed behavior across themes and remaining density tiers is unverified.","NOT VERIFIED","PARTIAL — AX exposes h3 title, description and native footer button in compound story. No active card semantics are implied; full focus, contrast, screen-reader, axe, zoom and responsive review unverified.","PARTIAL — direct @kannan19302/ui import/JSX usages found, e.g. AnalyticsCockpitClient.tsx chart cards and multiple routes. Package build and rendered consumer journey are unverified.","NOT VERIFIED","2026-09-28","Focused R2 correction replaces the Card 10px fallbacks and adds a density-gate assertion; full provider checks pass on Node 22.23.3. See docs/changes/strata-card-ultra-compact-type-floor-2026-09-28.md and docs/evidence/component-benchmarks/2026-09-28/card/iteration-report.md. Overall stays NOT VERIFIED; screenshots, broader matrix, package and consumer journey proof remain open."
"compositions","data-grid","src/compositions/data-grid","../src/compositions/data-grid/data-grid.stories.tsx","compositions-spreadsheetgrid--all-states-gallery;compositions-spreadsheetgrid--anatomy-and-composition;compositions-spreadsheetgrid--budget-forecasting;compositions-spreadsheetgrid--density-gallery;compositions-spreadsheetgrid--gl-distribution-matrix","LIVE COMPARISON RECORDED; TASK SCOPE OPEN; CALIBRATION OPEN","https://handsontable.com/demo#finance","https://ui.shadcn.com/docs/components/base/data-table; https://21st.dev/community/components/reui/data-grid-table/pinnable-columns-table; https://handsontable.com/demo; https://handsontable.com/docs/react-data-grid/keyboard-shortcuts/; https://www.ag-grid.com/javascript-data-grid/keyboard-navigation/; https://www.ag-grid.com/react-data-grid/cell-editing-validation/","Handsontable Finance Dashboard (primary); shadcn Data Table and 21st.dev ReUI Data Grid Table (adjacent record-grid patterns); Handsontable Performance/keyboard; AG Grid keyboard/validation","Handsontable: real editable finance grid with grouped columns, typed/display-formatted values, formula calculations, conditional gains/losses, and virtual-scroll performance demo. shadcn: consumer-composed TanStack record table with sorting/filtering/selection/visibility/pagination. ReUI: community sortable/paginated record table. AG Grid docs: rich keyboard navigation and validation/error announcements.","2026-09-28","Local BudgetForecasting story, shadcn Data Table page, 21st.dev preview, Handsontable performance and finance states all inspected live at 1280x720; local cell focus/edit/cancel observed. No matched screenshots retained, no mobile/theme/density matrix.","docs/evidence/component-benchmarks/2026-09-28/data-grid/comparison.md","http://localhost:6006/iframe.html?id=compositions-spreadsheetgrid--budget-forecasting&viewMode=story; visual/AX plus manual selection/edit/cancel inspected","Strata shows a clean 6x7 quarterly budget sheet. `fx` bar is plain text, not formulas; initialData seeds local-only state with immediate onChange; no typed validation, rollback, or server confirmation. Escape leaves focus on web area. 10px cell/header fallbacks violate DS-NFR-006. No direct Business Suite consumer found.","Establish Business Suite user need and abstraction owner; resolve DataGrid-vs-SpreadsheetGrid scope, formula language, typed data and commit/reconciliation contract; fix text minimum and prove input targets; validate grid/header/scroll a11y, focus return, performance and full theme/density/RTL/reflow matrix before adoption.","PARTIAL — local grid is a spreadsheet-style editor, distinct from record-management DataTable; no current Business Suite consumer/use case established.","PARTIAL — local Arrow selection, Enter edit and Escape cancel worked manually; Escape did not visibly restore focus. Clipboard, validation, focus sequence and full keyboard map unverified.","GAP — local edit/cancel observed, but no validation/pending/rejected/conflict/empty/error/reconciliation state contract; initial data only seeds local state.","NOT VERIFIED","NOT VERIFIED","GAP — 10px `--text-2xs` fallbacks on headers/cells conflict with the accepted 11px minimum; computed token values and comfortable targets not measured.","NOT VERIFIED","GAP — AX exposes table, headers, values and selected cell; Escape loses visible grid focus, formula input is generic, and mixed table/grid and SR/scroll announcements remain unverified.","GAP — repository-wide Business Suite JSX/import search found no direct DataGrid or SpreadsheetGrid use. No route, package runtime, or end-to-end task evidence.","NOT VERIFIED","2026-09-28","Research only. See docs/evidence/component-benchmarks/2026-09-28/data-grid/comparison.md and iteration-report.md. 21st and shadcn examples are adjacent record tables, not spreadsheet-editor matches. Screenshots not retained; tests/build not run; calibration freeze remains active."
"compositions","description-list","src/compositions/description-list","../src/compositions/description-list/description-list.stories.tsx","compositions-descriptionlist--all-states-gallery;compositions-descriptionlist--anatomy-and-composition;compositions-descriptionlist--default;compositions-descriptionlist--density-gallery","REVIEWED — OVERALL NOT VERIFIED","https://design-system.service.gov.uk/components/summary-list/","https://react-spectrum.adobe.com/v3/LabeledValue.html;https://experience.sap.com/fiori-design-web/object-page/","GOV.UK Design System; Adobe React Spectrum; SAP Fiori","GOV.UK semantic definition-list keyed facts with row separators/actions; Spectrum typed localized LabeledValue; SAP object-page key-value facet context.","2026-09-28","Local Default 1280x720; GOV.UK approx. 1250x712, default sample; content/viewport not exact; DensityGallery observed, narrow/full matrices NOT VERIFIED.","docs/evidence/component-benchmarks/2026-09-28/description-list/comparison.md","docs/evidence/component-benchmarks/2026-09-28/description-list/comparison.md","Local 2/3 fixed column-pair grid, no row separators/actions/empty examples, nowrap labels; GOV.UK separates key/value rows and documents actions/missing information. Local ultra-compact is 10px vs accepted 11px minimum.","After calibration freeze: correct 10px floor; establish ERP task; add responsive reflow and row grouping/separators and appropriate missing-value guidance only if consumer need is confirmed; verify themes/densities/RTL/zoom/AT.","PASS — semantic dl keyed facts; actual consumer task unestablished","NOT APPLICABLE — presentational component; embedded interactive content consumer-owned","NOT VERIFIED","GAP — fixed tracks/nowrap; narrow behavior unmeasured","NOT VERIFIED","GAP — 10px ultra-compact violates 11px minimum; other modes unverified","NOT VERIFIED — logical CSS, no RTL render","NOT VERIFIED — AX definition-list observed; axe test exists but was not run, no AT proof","GAP — no direct source usage found; no route journey verified","NOT VERIFIED","2026-09-28","Storybook Default AX exposed definition list with six pairs. Screenshot inspected but not retained; screenshots/content/viewport not matched. No tests or build run. See comparison.md."
"compositions","diff-viewer","src/compositions/diff-viewer","../src/compositions/diff-viewer/diff-viewer.stories.tsx","compositions-redlinediffviewer--all-states-gallery;compositions-redlinediffviewer--anatomy-and-composition;compositions-redlinediffviewer--density-gallery;compositions-redlinediffviewer--split-screen-redline;compositions-redlinediffviewer--unified-inline-markup","REVIEWED — OVERALL NOT VERIFIED","https://support.ironcladapp.com/hc/en-us/articles/12274871100055-Use-Ironclad-Editor","https://support.microsoft.com/en-us/word/training/track-changes-in-word;https://21st.dev/community/components/jatin-yadav05/github-inline-diff","Ironclad; Microsoft Word; 21st.dev community","Ironclad contract redline review and version/comment workflow; Word track-changes navigation and decision states; 21st inline code diff/comments is adjacent only.","2026-09-28","Local split and 21st actual preview 1280x720; Ironclad/Word public help pages/screenshots; task content not matched; authenticated product/full matrices NOT VERIFIED.","docs/evidence/component-benchmarks/2026-09-28/diff-viewer/comparison.md","docs/evidence/component-benchmarks/2026-09-28/diff-viewer/comparison.md","Local pairs lines by index, whole-line only, stale active counter after prop changes, no decision outcome/pending/error state; unnamed tables lack headers/captions, fixed region name, no live announcement; 10px texts violate 11px floor. Contract owner/consumer unproven.","Confirm PLT-ERP task/API first. Then use robust insertion/deletion alignment, meaningful change-level decision/result and audit states, accessible table/landmark/announcements, 11px minimum, narrow/zoom alternative, all theme/density/RTL matrix.","GAP — claimed contract redlining but same-index text compare; ERP task not established","NOT VERIFIED — buttons/pressed mode present; keyboard behavior not exercised; callbacks lack result state","GAP — no pending/accepted/rejected/failure/conflict workflow states","GAP — stacks panes under 768px; unnamed nested scroll and no proven small-screen/zoom alternative","NOT VERIFIED","GAP — 10px text and 24px icon actions violate/minimally meet approved sizing; full matrix not run","NOT VERIFIED — logical CSS, no RTL render","GAP — AX table lacks header/caption associations; generic repeated region, no live change announcement; axe/AT not run","GAP — no direct source use found; no route/owner journey proven","NOT VERIFIED","2026-09-28","Local Split Storybook and 21st preview inspected at 1280x720; official Ironclad and Word help pages/screenshots reviewed. screenshots not retained. No automated checks. See comparison.md."
"compositions","empty-state","src/compositions/empty-state","../src/compositions/empty-state/empty-state.stories.tsx","compositions-emptystate--all-states-gallery;compositions-emptystate--anatomy-and-composition;compositions-emptystate--default;compositions-emptystate--density-gallery;compositions-emptystate--error;compositions-emptystate--filtered;compositions-emptystate--forbidden;compositions-emptystate--loading","LIVE COMPARISON RECORDED; CALIBRATION OPEN","https://ui.shadcn.com/docs/components/base/empty","https://21st.dev/@7ovr/components/empty-states-4;https://21st.dev/community/components/explore/shadcn-empty-state","shadcn official Empty documentation (primary); 21st.dev community error-state preview (supplemental)","shadcn: composable media/title/description/content with multi-action, upload, notification, avatar/offline, team, search/404 and RTL examples. 21st.dev 7ovr: error treatment with retry and contact-support actions.","2026-09-28","Inspected local EmptyState Default and shadcn examples plus 21st.dev 7ovr error preview. Visual inspection only; viewports/content not normalized and no matched screenshots retained.","docs/evidence/component-benchmarks/2026-09-28/empty-state/comparison.md","http://localhost:6006/iframe.html?id=compositions-emptystate--default&viewMode=story; docs/evidence/component-benchmarks/2026-09-28/empty-state/comparison.md","Strata exposes a fixed centered icon/title/description/single-action composition and role=status. Separate wrappers exist for loading, filtered, error, forbidden and partial, but AllStatesGallery omits Partial; no offline/stale wrapper. 10px ultra-compact description fallback breaches 11px floor. Private FinanceErrorState uses role=alert and finance-specific withholding copy; no direct Strata JSX consumer found.","Resolve 11px compact floor; specify per-state announcement/action semantics; complete state gallery and show real container/action sizing; assess composable content/media needs after calibration; prove responsive, 3-theme, RTL, keyboard/AT and Business Suite workflow.","GAP — shared layout does not itself distinguish first-use empty, filtered, error, forbidden or partial-data meaning; callers select wrappers/copy.","NOT VERIFIED — default action shown; callback behavior, focus and keyboard path not exercised.","GAP — separate wrappers exist but gallery omits Partial; no offline/stale wrapper; transitions not inspected.","NOT VERIFIED","NOT VERIFIED","GAP — ultra-compact description falls back to 10px against 11px workspace floor; real dense context and target dimensions unverified.","NOT VERIFIED — shadcn has RTL reference; Strata direction behavior not inspected.","GAP — live AX exposes title/description/button, but all wrappers inherit role=status; error alert semantics, keyboard/focus and assistive technology require review.","GAP — no direct shared EmptyState JSX use found in Business Suite source search; finance uses a private role=alert state. End-to-end journey unverified.","NOT VERIFIED","2026-09-28","Live reference research only; viewport matching and screenshots not retained. See docs/evidence/component-benchmarks/2026-09-28/empty-state/comparison.md and iteration-report.md. Source implementation and package gates remain frozen/unverified pending Input, DataTable and Breadcrumb calibration PASS."
"compositions","gantt-chart","src/compositions/gantt-chart","../src/compositions/gantt-chart/gantt-chart.stories.tsx","compositions-ganttmilestonescheduler--all-states-gallery;compositions-ganttmilestonescheduler--anatomy-and-composition;compositions-ganttmilestonescheduler--default;compositions-ganttmilestonescheduler--density-gallery","NOT VERIFIED","","","","","","","","","","","NOT VERIFIED","NOT VERIFIED","NOT VERIFIED","NOT VERIFIED","NOT VERIFIED","NOT VERIFIED","NOT VERIFIED","NOT VERIFIED","NOT VERIFIED","NOT VERIFIED","","Inventory join only; no visual or behavioral comparison claimed."
"compositions","kanban-board","src/compositions/kanban-board","../src/compositions/kanban-board/kanban-board.stories.tsx","compositions-kanbanboard--all-states-gallery;compositions-kanbanboard--anatomy-and-composition;compositions-kanbanboard--default;compositions-kanbanboard--density-gallery","NOT VERIFIED","","","","","","","","","","","NOT VERIFIED","NOT VERIFIED","NOT VERIFIED","NOT VERIFIED","NOT VERIFIED","NOT VERIFIED","NOT VERIFIED","NOT VERIFIED","NOT VERIFIED","NOT VERIFIED","","Inventory join only; no visual or behavioral comparison claimed."
"compositions","profile-card","src/compositions/profile-card","../src/compositions/profile-card/profile-card.stories.tsx","compositions-profilecard--all-states-gallery;compositions-profilecard--anatomy-and-composition;compositions-profilecard--compact;compositions-profilecard--default;compositions-profilecard--density-gallery;compositions-profilecard--full;compositions-profilecard--with-avatar","LIVE COMPARISON RECORDED; DIRECT EQUIVALENCE OPEN","https://ui.shadcn.com/docs/components/base/hover-card","https://21st.dev/@aymanch-03/components/user-dropdown;https://21st.dev/@shadcnspace/components/dropdown-menu-01;https://21st.dev/@ravikatiyar162/components/user-profile-dropdown","shadcn/ui Hover Card (primary interaction composition); 21st.dev Ayman, ShadcnSpace and Ravi profile/account previews (supplemental)","shadcn: trigger/content composition with delay and placement controls, live open AX state. Community menus: identity/avatar/presence followed by grouped account or contact actions; account behaviors remain consumer-owned.","2026-09-28","Inspected local compact Default and full ProfileCard stories against shadcn Hover Card open state and three actual 21st.dev profile/menu previews. Live inspection only; viewports/contents not normalized, screenshots not retained; some community preview keyboard/AX behavior inaccessible.","docs/evidence/component-benchmarks/2026-09-28/profile-card/comparison.md","http://localhost:6006/iframe.html?id=compositions-profilecard--default&viewMode=story; http://localhost:6006/iframe.html?id=compositions-profilecard--full&viewMode=story; docs/evidence/component-benchmarks/2026-09-28/profile-card/comparison.md","Strata is a passive identity card, not a popover/menu. Component docs promise initials on failed avatar but source has no img onError fallback. Both variants style hover while root has no trigger semantics. Ultra-compact avatar initials/email use 10px fallbacks vs 11px floor. Business Suite AppHeader uses private data-backed ProfileHoverCard; no direct Strata ProfileCard JSX use found.","Repair/clarify failed-image fallback contract; resolve passive hover affordance; raise ultra-compact text to 11px; verify status/role and caller-action semantics; after calibration, define PLT-ERP contract for possible shared presentation inside private data/command wrapper; complete responsive/theme/density/RTL/zoom/keyboard/AT and workflow checks.","PARTIAL — identity data structure is presentational and consumer-owned; role/presence meaning and actual action/permission workflow are not validated end to end.","NOT VERIFIED — root is passive despite hover styling; caller action keyboard paths and popover/menu wrapper are app-owned.","GAP — presence stories exist; failed-avatar fallback claim is unsupported by source; profile data loading/error states live in app wrapper and were not compared.","NOT VERIFIED — no narrow/zoom matrix inspected.","NOT VERIFIED — no three-theme live matrix inspected.","GAP — ultra-compact initials/email CSS use 10px fallback against 11px floor; remaining tiers unverified.","NOT VERIFIED","PARTIAL — local Storybook AX exposes status/name/email; component test source contains one axe case, but current live screen reader, keyboard actions, failed image and full reference structure not verified.","GAP — AppHeader uses private ProfileHoverCard with profile fetch/presence/actions; no direct shared ProfileCard JSX use found; API/permissions and end-to-end workflow are unverified.","NOT VERIFIED","2026-09-28","Live evidence packet is provisional, not a final calibration. See docs/evidence/component-benchmarks/2026-09-28/profile-card/comparison.md and iteration-report.md. Direct pattern equivalence and all matrix/package/consumer gates remain open; source is unchanged."
"compositions","split-view","src/compositions/split-view","../src/compositions/split-view/split-view.stories.tsx","compositions-splitview--all-states-gallery;compositions-splitview--anatomy-and-composition;compositions-splitview--default;compositions-splitview--density-gallery","NOT VERIFIED","","","","","","","","","","","NOT VERIFIED","NOT VERIFIED","NOT VERIFIED","NOT VERIFIED","NOT VERIFIED","NOT VERIFIED","NOT VERIFIED","NOT VERIFIED","NOT VERIFIED","NOT VERIFIED","","Inventory join only; no visual or behavioral comparison claimed."
"compositions","stat-card","src/compositions/stat-card","../src/compositions/stat-card/stat-card.stories.tsx","compositions-statcard--all-states-gallery;compositions-statcard--anatomy-and-composition;compositions-statcard--density-gallery;compositions-statcard--executive-strip","NOT VERIFIED","","","","","","","","","","","NOT VERIFIED","NOT VERIFIED","NOT VERIFIED","NOT VERIFIED","NOT VERIFIED","NOT VERIFIED","NOT VERIFIED","NOT VERIFIED","NOT VERIFIED","NOT VERIFIED","","Inventory join only; no visual or behavioral comparison claimed."
"compositions","stepper","src/compositions/stepper","../src/compositions/stepper/stepper.stories.tsx","compositions-stepper--all-states-gallery;compositions-stepper--anatomy-and-composition;compositions-stepper--default;compositions-stepper--density-gallery","NOT VERIFIED","","","","","","","","","","","NOT VERIFIED","NOT VERIFIED","NOT VERIFIED","NOT VERIFIED","NOT VERIFIED","NOT VERIFIED","NOT VERIFIED","NOT VERIFIED","NOT VERIFIED","NOT VERIFIED","","Inventory join only; no visual or behavioral comparison claimed."
"compositions","table","src/compositions/table","../src/compositions/table/table.stories.tsx","compositions-table--all-states-gallery;compositions-table--anatomy-and-composition;compositions-table--composable-table;compositions-table--confirmed-editing;compositions-table--default;compositions-table--density-gallery;compositions-table--empty;compositions-table--enterprise-workbench;compositions-table--grouped-keyboard-editing;compositions-table--keyboard-row-action;compositions-table--large-dataset;compositions-table--virtualized;compositions-table--with-column-picker;compositions-table--with-selection-and-bulk-actions","LIVE COMPARISON RECORDED; CALIBRATION OPEN","https://ui.shadcn.com/docs/components/base/data-table","https://reui.io/docs/components/base/data-grid;https://shadcnstudio.com/docs/components/data-table","shadcn/ui official Data Table","Live example combines email filtering, column visibility, row selection/count, status/amount, row action menus and pagination.","2026-09-28","Matched online/local desktop screenshots retained in comparison.html. New live narrow comparison at 320x740: official shadcn Base Table sample (327px table, 190px scroll viewport) vs optional Strata invoice card list. Local browser matrix covers 3 themes x 4 densities at 320x740 and 1280x720; exact captures/results in matrix-captures.md.","https://ui.shadcn.com/docs/components/base/data-table; https://ui.shadcn.com/docs/components/base/table; https://experience.sap.com/fiori-design-web/responsive-table/; docs/evidence/component-benchmarks/2026-09-28/table/reference-shadcn-data-table-desktop.png; docs/evidence/component-benchmarks/2026-09-28/table/reference-shadcn-table-region-320.png","docs/evidence/component-benchmarks/2026-09-28/table/strata-table-workbench-desktop.png; docs/evidence/component-benchmarks/2026-09-28/table/matrix-captures.md; docs/evidence/component-benchmarks/2026-09-28/table/mobile-alt-browser-results.json; 12 mobile-alt and 12 desktop captures; Storybook story compositions-table--enterprise-workbench","Both provide compact financial grid, selection, filtering, row actions and pagination. Strata maps the example to ERP invoice ID/customer/status/amount with status filter and export instead of email, column visibility and amount; frame shows 8 versus 5 reference rows. Density follow-up: DataTable now inherits selected root density when the prop is omitted. At 1280x720, row heights vary across four density tiers in all three canonical themes; existing controls/content produce intrinsic row minimums above the token size.","Complete matched narrow viewport and reference geometry; LTR/RTL; loading/empty/error/selection/edit states; browser axe, real zoom, OS modes and screen-reader proof; affected Business Suite journey and package consumer validation.","PASS for this story sample: native table headers/rows and named scroll region; invoice ID and amount remain readable.","PASS for synthetic mobile Space selection and Enter → ArrowDown → Enter row action; desktop reference and selected-row action evidence retained. Other states/actions remain unverified.","NOT VERIFIED overall; selection and page controls are shown, but full local state matrix is still open.","PASS for opt-in Storybook alternative at 320px and existing table at 1280px across all 3 themes x 4 densities; no document/body overflow. Consumers that omit the slot retain horizontal scroll and need their own alternative where required. Intermediate widths, actual browser zoom and OS modes remain open.","PASS for sampled table/list presentation and geometry across 3 canonical themes x 4 densities at both 320px and 1280px; 24 fresh captures and JSON results in table/.","PASS for sampled table/list presentation across all 12 theme-density combinations at 320px and 1280px; exact captures/results in table/matrix-captures.md. Consumer inheritance remains unverified.","NOT VERIFIED","PARTIAL — axe-core 12/12 narrow theme/density samples returned zero WCAG A/AA 2.0/2.1/2.2 violations; named scroll fallback preserved; synthetic mobile selection/action keyboard path passes. Manual screen reader, real zoom and OS modes remain open.","NOT VERIFIED — optional mobileAlternative has not been adopted on a Business Suite route. Current Business Suite typecheck FAILS with 656 diagnostics and token gate FAILS with 161 new violations across six files; package publishing/runtime journey remains open.","NOT VERIFIED","2026-09-28","R2 contract: docs/changes/strata-datatable-mobile-alternative-change-contract-2026-09-28.md. Full reference, capture matrix, browser results and limits: docs/evidence/component-benchmarks/2026-09-28/table/comparison.md, matrix-captures.md, mobile-alt-browser-results.json, comparison.html and iteration-report.md. Provider gates pass on Node 22.23.3; DataTable overall and Business Suite consumer remain NOT VERIFIED."
"compositions","timeline","src/compositions/timeline","../src/compositions/timeline/timeline.stories.tsx","compositions-timeline--all-states-gallery;compositions-timeline--anatomy-and-composition;compositions-timeline--audit-history;compositions-timeline--density-gallery","LIVE COMPARISON RECORDED; CALIBRATION OPEN","https://www.sap.com/design-system/fiori-design-web/v1-151/ui-elements/timeline","https://21st.dev/@7ovr/components/timeline-3;https://21st.dev/@7ovr/components/timeline-1;https://21st.dev/@shadcnspace/components/timeline-02;https://ui.shadcn.com/docs/components","SAP Fiori Timeline guidelines (primary enterprise guidance); 21st.dev activity, milestone and interactive timelines (live community examples); shadcn official inventory (no direct Timeline component)","SAP: latest-first chronology, who/what/when content, responsive vertical/horizontal single/double layouts, optional search/filter/group/actions and show-more guidance. 7ovr activity: actor/action/target, avatars, relative timestamps, day grouping. 7ovr milestone: explicit shipped/in-progress/planned labels. ShadcnSpace: selectable horizontal year-based narrative, rejected for audit feed.","2026-09-28","Strata AuditHistory and 21st 7ovr Activity Timeline visually inspected sequentially at 1280x720; Storybook AX exposes four list entries. SAP page is guidance, not runtime. Captures not retained; responsive/theme/zoom/state matrix not run.","docs/evidence/component-benchmarks/2026-09-28/timeline/comparison.md","http://localhost:6006/iframe.html?id=compositions-timeline--audit-history&viewMode=story; docs/evidence/component-benchmarks/2026-09-28/timeline/comparison.md","Strata is a narrow caller-ordered vertical status rail with no header, event grouping, actor fields, search, filter or empty state. Local AX omits item status meaning; timestamp is plain span. Analytics Cockpit has a private telemetry-backed activity feed/domain filters but no direct Strata Timeline use. Ultra-compact metadata is 10px vs 11px floor.","Resolve 11px metadata; make status meaningful in text/AX when status conveys audit outcome; evaluate semantic <time> support; verify synthetic fixture provenance; preserve app-owned event source, permissions/filtering; define consumer event contract before convergence; prove empty/loading/error and full responsive/theme/RTL/accessibility/runtime matrices.","GAP — item chronology/order is caller-owned; status marker meaning is visual-only in local AX; timestamp has no semantic time element; API-to-feed event contract not verified.","N/A for base read-only list; no internal controls. Caller-provided interactive ReactNodes and Business Suite feed controls were not keyboard-tested.","PARTIAL — complete/current/pending/danger visual states shown, but status is not announced; empty items render no alternative state; runtime loading/error/filter states not verified.","NOT VERIFIED — paired screenshots inspected at desktop 1280x720 only; no reflow matrix.","NOT VERIFIED","GAP — ultra-compact metadata 10px, below 11px minimum; other density states unverified.","NOT VERIFIED — CSS uses logical rail placement; live RTL not inspected.","GAP — local AX list exposes event copy but not status value; timestamps are spans; no screen-reader or keyboard matrix.","GAP — AnalyticsCockpitClient renders a private activity stream from recent invoice/audit telemetry with domain filters; no direct shared Timeline use found; route/data/authorization journey not run.","NOT VERIFIED","2026-09-28","Evidence-only direct comparison; captured previews not saved and full matrix/package checks unrun. See docs/evidence/component-benchmarks/2026-09-28/timeline/comparison.md and iteration-report.md. Calibration gate remains open."
"compositions","toolbar","src/compositions/toolbar","../src/compositions/toolbar/toolbar.stories.tsx","compositions-actionbar--all-states-gallery;compositions-actionbar--anatomy-and-composition;compositions-actionbar--bulk-mode;compositions-actionbar--default;compositions-actionbar--density-gallery","NOT VERIFIED","","","","","","","","","","","NOT VERIFIED","NOT VERIFIED","NOT VERIFIED","NOT VERIFIED","NOT VERIFIED","NOT VERIFIED","NOT VERIFIED","NOT VERIFIED","NOT VERIFIED","NOT VERIFIED","","Inventory join only; no visual or behavioral comparison claimed."
"compositions","tree-view","src/compositions/tree-view","../src/compositions/tree-view/tree-view.stories.tsx","compositions-treeview--all-states-gallery;compositions-treeview--anatomy-and-composition;compositions-treeview--chart-of-accounts;compositions-treeview--density-gallery","NOT VERIFIED","","","","","","","","","","","NOT VERIFIED","NOT VERIFIED","NOT VERIFIED","NOT VERIFIED","NOT VERIFIED","NOT VERIFIED","NOT VERIFIED","NOT VERIFIED","NOT VERIFIED","NOT VERIFIED","","Inventory join only; no visual or behavioral comparison claimed."
"compositions","workflow-graph","src/compositions/workflow-graph","../src/compositions/workflow-graph/workflow-graph.stories.tsx","compositions-workflowgraph--all-states-gallery;compositions-workflowgraph--anatomy-and-composition;compositions-workflowgraph--approval-chain-dag;compositions-workflowgraph--density-gallery","NOT VERIFIED","","","","","","","","","","","NOT VERIFIED","NOT VERIFIED","NOT VERIFIED","NOT VERIFIED","NOT VERIFIED","NOT VERIFIED","NOT VERIFIED","NOT VERIFIED","NOT VERIFIED","NOT VERIFIED","","Inventory join only; no visual or behavioral comparison claimed."
"forms","address-field","src/forms/address-field","../src/forms/address-field/address-field.stories.tsx","forms-addressautocompleteform--all-states-gallery;forms-addressautocompleteform--anatomy-and-composition;forms-addressautocompleteform--default;forms-addressautocompleteform--density-gallery","NOT VERIFIED","","","","","","","","","","","NOT VERIFIED","NOT VERIFIED","NOT VERIFIED","NOT VERIFIED","NOT VERIFIED","NOT VERIFIED","NOT VERIFIED","NOT VERIFIED","NOT VERIFIED","NOT VERIFIED","","Inventory join only; no visual or behavioral comparison claimed."
"forms","column-picker","src/forms/column-picker","../src/forms/column-picker/column-picker.stories.tsx","forms-columnpicker--all-states-gallery;forms-columnpicker--anatomy-and-composition;forms-columnpicker--default;forms-columnpicker--density-gallery","NOT VERIFIED","","","","","","","","","","","NOT VERIFIED","NOT VERIFIED","NOT VERIFIED","NOT VERIFIED","NOT VERIFIED","NOT VERIFIED","NOT VERIFIED","NOT VERIFIED","NOT VERIFIED","NOT VERIFIED","","Inventory join only; no visual or behavioral comparison claimed."
"forms","csv-export","src/forms/csv-export","../src/forms/csv-export/csv-export.stories.tsx","forms-csvexport--all-states-gallery;forms-csvexport--anatomy-and-composition;forms-csvexport--default;forms-csvexport--density-gallery","NOT VERIFIED","","","","","","","","","","","NOT VERIFIED","NOT VERIFIED","NOT VERIFIED","NOT VERIFIED","NOT VERIFIED","NOT VERIFIED","NOT VERIFIED","NOT VERIFIED","NOT VERIFIED","NOT VERIFIED","","Inventory join only; no visual or behavioral comparison claimed."
"forms","field-validation-summary","src/forms/field-validation-summary","../src/forms/field-validation-summary/field-validation-summary.stories.tsx","forms-fieldvalidationsummary--all-states-gallery;forms-fieldvalidationsummary--anatomy-and-composition;forms-fieldvalidationsummary--default;forms-fieldvalidationsummary--density-gallery","NOT VERIFIED","","","","","","","","","","","NOT VERIFIED","NOT VERIFIED","NOT VERIFIED","NOT VERIFIED","NOT VERIFIED","NOT VERIFIED","NOT VERIFIED","NOT VERIFIED","NOT VERIFIED","NOT VERIFIED","","Inventory join only; no visual or behavioral comparison claimed."
"forms","filter-bar","src/forms/filter-bar","../src/forms/filter-bar/filter-bar.stories.tsx","forms-filterbar--all-states-gallery;forms-filterbar--anatomy-and-composition;forms-filterbar--default;forms-filterbar--density-gallery","NOT VERIFIED","","","","","","","","","","","NOT VERIFIED","NOT VERIFIED","NOT VERIFIED","NOT VERIFIED","NOT VERIFIED","NOT VERIFIED","NOT VERIFIED","NOT VERIFIED","NOT VERIFIED","NOT VERIFIED","","Inventory join only; no visual or behavioral comparison claimed."
"forms","form-section","src/forms/form-section","../src/forms/form-section/form-section.stories.tsx","forms-formlayoutbuilder--all-states-gallery;forms-formlayoutbuilder--anatomy-and-composition;forms-formlayoutbuilder--default;forms-formlayoutbuilder--density-gallery","NOT VERIFIED","","","","","","","","","","","NOT VERIFIED","NOT VERIFIED","NOT VERIFIED","NOT VERIFIED","NOT VERIFIED","NOT VERIFIED","NOT VERIFIED","NOT VERIFIED","NOT VERIFIED","NOT VERIFIED","","Inventory join only; no visual or behavioral comparison claimed."
"forms","inline-editable-record","src/forms/inline-editable-record","../src/forms/inline-editable-record/inline-editable-record.stories.tsx","forms-inlineeditablerecord--all-states-gallery;forms-inlineeditablerecord--anatomy-and-composition;forms-inlineeditablerecord--default;forms-inlineeditablerecord--density-gallery","NOT VERIFIED","","","","","","","","","","","NOT VERIFIED","NOT VERIFIED","NOT VERIFIED","NOT VERIFIED","NOT VERIFIED","NOT VERIFIED","NOT VERIFIED","NOT VERIFIED","NOT VERIFIED","NOT VERIFIED","","Inventory join only; no visual or behavioral comparison claimed."
"forms","schema-form","src/forms/schema-form","../src/forms/schema-form/schema-form.stories.tsx","forms-schemaform--all-states-gallery;forms-schemaform--default;forms-schemaform--density-gallery;forms-schemaform--loading-state","NOT VERIFIED","","","","","","","","","","","NOT VERIFIED","NOT VERIFIED","NOT VERIFIED","NOT VERIFIED","NOT VERIFIED","NOT VERIFIED","NOT VERIFIED","NOT VERIFIED","NOT VERIFIED","NOT VERIFIED","","Inventory join only; no visual or behavioral comparison claimed."
"inputs","calendar","src/inputs/calendar","../src/inputs/calendar/calendar.stories.tsx","inputs-calendar--all-states-gallery;inputs-calendar--anatomy-and-composition;inputs-calendar--default;inputs-calendar--state-matrix;inputs-calendar--v-1-workspace-preview","NOT VERIFIED","","","","","","","","","","","NOT VERIFIED","NOT VERIFIED","NOT VERIFIED","NOT VERIFIED","NOT VERIFIED","NOT VERIFIED","NOT VERIFIED","NOT VERIFIED","NOT VERIFIED","NOT VERIFIED","","Inventory join only; no visual or behavioral comparison claimed."
"inputs","checkbox","src/inputs/checkbox","../src/inputs/checkbox/checkbox.stories.tsx","inputs-checkbox--default;inputs-checkbox--indeterminate;inputs-checkbox--state-matrix;inputs-checkbox--v-1-workspace-preview","LIVE COMPARISON RECORDED; CALIBRATION OPEN","https://ui.shadcn.com/docs/components/base/checkbox","https://ui.shadcn.com/docs/components/aria/checkbox; https://ui.shadcn.com/docs/components/radix/checkbox","shadcn/ui Base UI primary; React Aria and Radix supplemental","Base UI: 16px checkbox, checked/invalid/label-description/disabled/group/table/RTL examples. React Aria/Radix actual shadcn implementation variants; React Aria 13px and Radix 16px controls observed; Radix exposes aria-checked false/true and aria-invalid on invalid sample.","2026-09-28","1280×720 CSS viewport; local Default vs official Base UI docs; default geometry, indeterminate and focus sampled; React Aria/Radix inspected. Page content is not crop-aligned.","design-system/docs/evidence/component-benchmarks/2026-09-28/checkbox/comparison.md","http://127.0.0.1:6006/iframe.html?id=inputs-checkbox--default&viewMode=story; http://127.0.0.1:6006/iframe.html?id=inputs-checkbox--indeterminate&viewMode=story; docs/evidence/component-benchmarks/2026-09-28/checkbox/strata-checkbox-indeterminate-after-space.png","Local visual box 16×16px matches Base UI 16×16px; native input remains 0×0 and transparent but exposes mixed semantics. The initial mismatch was corrected in this working tree; Tab + Space preserves native indeterminate=true, visual data-state=indeterminate and browser AX checked=mixed.","Mixed native state synchronization and regression coverage implemented. Still required: verify all density/theme/responsive/RTL/zoom/forced-colors combinations, live screen reader, published package compatibility and a real Business Suite route journey.","PASS — selection job, named control and an active persisted Business Suite custom-record form consumer are established.","PARTIAL — Tab + Space keeps native/visual/AX state mixed and focus visible; full disabled/error/exit flows remain unverified.","PARTIAL — checked, unchecked, mixed, invalid, disabled and four densities appear in stories; full combinations unverified.","NOT VERIFIED — narrow reflow and 200% zoom not tested.","NOT VERIFIED — themes and disabled/invalid contrast not tested.","PARTIAL — four densities represented; only standard geometry measured.","NOT VERIFIED — RTL examples inspected online; local RTL untested.","PARTIAL — live browser snapshot reports checked=mixed before/after Space and the native indeterminate property is true; screen-reader output and full matrix remain unverified.","PARTIAL — authenticated dynamic custom-record form consumes Checkbox and preserves boolean submit mapping; focused renderer tests pass; authenticated route and package-version compatibility remain unverified.","NOT VERIFIED","2026-09-28","Base UI 28/30, React Aria 26/30, Radix 27/30 under provisional task/semantics-weighted rubric. Captures and browser DOM/AX observations in checkbox/comparison.md. Native mixed-state correction has 9/9 focused Checkbox tests, including React 19 callback-ref cleanup; full package 132 files/820 tests passed after the initial mixed-state correction and before the final ref-cleanup refinement. Final focused tests, typecheck, lint, package build and Storybook build pass on the current runtime. Business Suite renderer now imports the public inputs subpath; three focused renderer tests cover required blocking, boolean true/false values and conditional disable (Checkbox/DataGrid are mocked due aggregate-barrel Vitest parsing). Node 22 typecheck has 746 app-wide diagnostics and zero in the changed renderer/test files. Authenticated route and package-version compatibility remain unverified. Overall readiness remains NOT VERIFIED."
"inputs","code-editor","src/inputs/code-editor","../src/inputs/code-editor/code-editor.stories.tsx","inputs-codeeditor--density-tiers;inputs-codeeditor--json-config;inputs-codeeditor--markdown-story;inputs-codeeditor--state-matrix;inputs-codeeditor--type-script;inputs-codeeditor--v-1-workspace-preview","NOT VERIFIED","","","","","","","","","","","NOT VERIFIED","NOT VERIFIED","NOT VERIFIED","NOT VERIFIED","NOT VERIFIED","NOT VERIFIED","NOT VERIFIED","NOT VERIFIED","NOT VERIFIED","NOT VERIFIED","","Inventory join only; no visual or behavioral comparison claimed."
"inputs","color-picker","src/inputs/color-picker","../src/inputs/color-picker/color-picker.stories.tsx","inputs-colorpicker--custom-presets;inputs-colorpicker--default;inputs-colorpicker--density-tiers;inputs-colorpicker--state-matrix;inputs-colorpicker--v-1-workspace-preview","NOT VERIFIED","","","","","","","","","","","NOT VERIFIED","NOT VERIFIED","NOT VERIFIED","NOT VERIFIED","NOT VERIFIED","NOT VERIFIED","NOT VERIFIED","NOT VERIFIED","NOT VERIFIED","NOT VERIFIED","","Inventory join only; no visual or behavioral comparison claimed."
"inputs","combobox","src/inputs/combobox","../src/inputs/combobox/combobox.stories.tsx","inputs-combobox--density-comparison;inputs-combobox--rtl-preview;inputs-combobox--state-matrix;inputs-combobox--v-1-multi-select-workbench;inputs-combobox--v-1-workspace-preview","NOT VERIFIED","","","","","","","","","","","NOT VERIFIED","NOT VERIFIED","NOT VERIFIED","NOT VERIFIED","NOT VERIFIED","NOT VERIFIED","NOT VERIFIED","NOT VERIFIED","NOT VERIFIED","NOT VERIFIED","","Inventory join only; no visual or behavioral comparison claimed."
"inputs","date-picker","src/inputs/date-picker","../src/inputs/date-picker/date-picker.stories.tsx","inputs-datepicker--all-states-gallery;inputs-datepicker--anatomy-and-composition;inputs-datepicker--default;inputs-datepicker--restricted-range;inputs-datepicker--state-matrix;inputs-datepicker--v-1-workspace-preview","NOT VERIFIED","","","","","","","","","","","NOT VERIFIED","NOT VERIFIED","NOT VERIFIED","NOT VERIFIED","NOT VERIFIED","NOT VERIFIED","NOT VERIFIED","NOT VERIFIED","NOT VERIFIED","NOT VERIFIED","","Inventory join only; no visual or behavioral comparison claimed."
"inputs","file-upload","src/inputs/file-upload","../src/inputs/file-upload/file-upload.stories.tsx","inputs-fileupload--default;inputs-fileupload--density-tiers;inputs-fileupload--state-matrix;inputs-fileupload--v-1-workspace-preview;inputs-fileupload--with-file-queue","NOT VERIFIED","","","","","","","","","","","NOT VERIFIED","NOT VERIFIED","NOT VERIFIED","NOT VERIFIED","NOT VERIFIED","NOT VERIFIED","NOT VERIFIED","NOT VERIFIED","NOT VERIFIED","NOT VERIFIED","","Inventory join only; no visual or behavioral comparison claimed."
"inputs","filter-rule-builder","src/inputs/filter-rule-builder","../src/inputs/filter-rule-builder/filter-rule-builder.stories.tsx","inputs-filterrulebuilder--all-states-gallery;inputs-filterrulebuilder--anatomy-and-composition;inputs-filterrulebuilder--default;inputs-filterrulebuilder--state-matrix;inputs-filterrulebuilder--v-1-workspace-preview","NOT VERIFIED","","","","","","","","","","","NOT VERIFIED","NOT VERIFIED","NOT VERIFIED","NOT VERIFIED","NOT VERIFIED","NOT VERIFIED","NOT VERIFIED","NOT VERIFIED","NOT VERIFIED","NOT VERIFIED","","Inventory join only; no visual or behavioral comparison claimed."
"inputs","form-control","src/inputs/form-control","../src/inputs/form-control/form-control.stories.tsx","inputs-formcontrol--default;inputs-formcontrol--state-matrix;inputs-formcontrol--v-1-workspace-preview;inputs-formcontrol--with-error","NOT VERIFIED","","","","","","","","","","","NOT VERIFIED","NOT VERIFIED","NOT VERIFIED","NOT VERIFIED","NOT VERIFIED","NOT VERIFIED","NOT VERIFIED","NOT VERIFIED","NOT VERIFIED","NOT VERIFIED","","Inventory join only; no visual or behavioral comparison claimed."
"inputs","number-field","src/inputs/number-field","../src/inputs/number-field/number-field.stories.tsx","inputs-numberinput--default;inputs-numberinput--state-matrix;inputs-numberinput--v-1-workspace-preview","NOT VERIFIED","","","","","","","","","","","NOT VERIFIED","NOT VERIFIED","NOT VERIFIED","NOT VERIFIED","NOT VERIFIED","NOT VERIFIED","NOT VERIFIED","NOT VERIFIED","NOT VERIFIED","NOT VERIFIED","","Inventory join only; no visual or behavioral comparison claimed."
"inputs","radio-group","src/inputs/radio-group","../src/inputs/radio-group/radio-group.stories.tsx","inputs-radiogroup--default;inputs-radiogroup--state-matrix;inputs-radiogroup--v-1-workspace-preview","NOT VERIFIED","","","","","","","","","","","NOT VERIFIED","NOT VERIFIED","NOT VERIFIED","NOT VERIFIED","NOT VERIFIED","NOT VERIFIED","NOT VERIFIED","NOT VERIFIED","NOT VERIFIED","NOT VERIFIED","","Inventory join only; no visual or behavioral comparison claimed."
"inputs","rich-text-editor","src/inputs/rich-text-editor","../src/inputs/rich-text-editor/rich-text-editor.stories.tsx","inputs-richtexteditor--default;inputs-richtexteditor--density-tiers;inputs-richtexteditor--state-matrix;inputs-richtexteditor--v-1-workspace-preview","NOT VERIFIED","","","","","","","","","","","NOT VERIFIED","NOT VERIFIED","NOT VERIFIED","NOT VERIFIED","NOT VERIFIED","NOT VERIFIED","NOT VERIFIED","NOT VERIFIED","NOT VERIFIED","NOT VERIFIED","","Inventory join only; no visual or behavioral comparison claimed."
"inputs","select","src/inputs/select","../src/inputs/select/select.stories.tsx","inputs-select--default","NOT VERIFIED","","","","","","","","","","","NOT VERIFIED","NOT VERIFIED","NOT VERIFIED","NOT VERIFIED","NOT VERIFIED","NOT VERIFIED","NOT VERIFIED","NOT VERIFIED","NOT VERIFIED","NOT VERIFIED","","Inventory join only; no visual or behavioral comparison claimed."
"inputs","signature-pad","src/inputs/signature-pad","../src/inputs/signature-pad/signature-pad.stories.tsx","inputs-signaturepad--default;inputs-signaturepad--density-tiers;inputs-signaturepad--state-matrix;inputs-signaturepad--v-1-workspace-preview","NOT VERIFIED","","","","","","","","","","","NOT VERIFIED","NOT VERIFIED","NOT VERIFIED","NOT VERIFIED","NOT VERIFIED","NOT VERIFIED","NOT VERIFIED","NOT VERIFIED","NOT VERIFIED","NOT VERIFIED","","Inventory join only; no visual or behavioral comparison claimed."
"inputs","slider","src/inputs/slider","../src/inputs/slider/slider.stories.tsx","inputs-slider--default;inputs-slider--state-matrix;inputs-slider--v-1-workspace-preview","NOT VERIFIED","","","","","","","","","","","NOT VERIFIED","NOT VERIFIED","NOT VERIFIED","NOT VERIFIED","NOT VERIFIED","NOT VERIFIED","NOT VERIFIED","NOT VERIFIED","NOT VERIFIED","NOT VERIFIED","","Inventory join only; no visual or behavioral comparison claimed."
"inputs","switch","src/inputs/switch","../src/inputs/switch/switch.stories.tsx","inputs-switch--default;inputs-switch--disabled;inputs-switch--state-matrix;inputs-switch--v-1-workspace-preview","NOT VERIFIED","","","","","","","","","","","NOT VERIFIED","NOT VERIFIED","NOT VERIFIED","NOT VERIFIED","NOT VERIFIED","NOT VERIFIED","NOT VERIFIED","NOT VERIFIED","NOT VERIFIED","NOT VERIFIED","","Inventory join only; no visual or behavioral comparison claimed."
"inputs","text-area","src/inputs/text-area","../src/inputs/text-area/text-area.stories.tsx","inputs-textarea--all-states-gallery;inputs-textarea--default;inputs-textarea--disabled;inputs-textarea--error-state;inputs-textarea--resize-options;inputs-textarea--sizes","LIVE COMPARISON RECORDED; CALIBRATION OPEN","https://ui.shadcn.com/docs/components/base/textarea","https://ui.shadcn.com/docs/components/aria/textarea;https://ui.shadcn.com/docs/components/radix/textarea","shadcn/ui Base UI primary; React Aria and Radix supplemental","Base UI Basic is a native vertically resizable multiline textbox with 320x64px geometry at 1280x720; official examples show labeled/described, disabled, invalid, button-composed and RTL patterns.","2026-09-28","1280x720 CSS px: Strata before 185x80; after 320x80; reference 320x64. At 320x720, Strata is 288x80 at x=16 with document/body width 320. Tab focuses the named textbox.","docs/evidence/component-benchmarks/2026-09-28/text-area/reference-shadcn-textarea-baseui.png; docs/evidence/component-benchmarks/2026-09-28/text-area/comparison.md","docs/evidence/component-benchmarks/2026-09-28/text-area/strata-textarea-before.png; docs/evidence/component-benchmarks/2026-09-28/text-area/strata-textarea-after.png; docs/evidence/component-benchmarks/2026-09-28/text-area/strata-textarea-focus.png; docs/evidence/component-benchmarks/2026-09-28/text-area/strata-textarea-320px.png","Story fixture width now matches. Strata remains 16px taller than reference due its standard-density min-height; Inter 13px/19.5px, 6px radius and 12px horizontal padding intentionally differ from Geist 14px, 10px radius and 10px padding.","Reconcile the 80px standard-density minimum against the 64px reference in a future authorized provider calibration; verify disabled opacity contrast and replace literal error fallback under the component gate; finish full state/theme/density/direction/zoom/OS-mode/screen-reader and Business Suite route proof.","PASS — equivalent native multiline text entry; direct Business Suite source uses exist.","PARTIAL — keyboard Tab focus and visible focus verified; broader edit/exit flow not tested.","PARTIAL — default/disabled/error/resize stories exist; states were not compared as a full matrix.","PARTIAL — local 320px reflow has 16px gutters and no page overflow; narrow reference equivalence is not measured.","NOT VERIFIED","NOT VERIFIED","NOT VERIFIED","PARTIAL — accessible name, native textbox role and focused state verified; screen-reader and complete axe/browser matrix unverified.","PARTIAL — checkout and CRM/HR direct Textarea uses found; no rendered Business Suite route or journey verified.","NOT VERIFIED","2026-09-28","Direct live comparison against shadcn Base UI plus official React Aria/Radix variants. Node 22.23.3 focused Textarea 4/4, typecheck, token gate (no new; 155 baselined), Storybook standards (120 files/113 components), and fresh build (2,316 modules) PASS. Story-only change; no runtime/API integration. See docs/evidence/component-benchmarks/2026-09-28/text-area/comparison.md."
"inputs","text-field","src/inputs/text-field","../src/inputs/text-field/text-field.stories.tsx","inputs-input--all-states-gallery;inputs-input--default;inputs-input--disabled;inputs-input--error-state;inputs-input--full-width;inputs-input--read-only;inputs-input--sizes;inputs-input--with-left-icon;inputs-input--with-right-icon","LIVE COMPARISON RECORDED; CALIBRATION OPEN","https://ui.shadcn.com/docs/components/base/input","https://21st.dev/@originui/components/input/input-with-helper-text;https://ui.aceternity.com/components/input","shadcn/ui (primary); Origin UI and Aceternity (supplemental)","Live shadcn Basic input uses full-width native text entry; inspected live control is 320x32px at desktop. Strata keeps Inter, 32px density height and 6px Strata radius rather than copying Geist/10px styling.","2026-09-28","1046x714 CSS px, default empty: reference 320x32 and Strata 320x32. At 320x714: reference 175.2x32 within its docs content column; isolated Strata story 288x32 with 16px gutters. Both documents fit their viewport; reference width is limited by its navigation/content shell. Fresh 1707x772 local browser matrix: 3 Strata themes x 4 densities; default md and all five gallery states measured 24/28/32/40px at their respective mode; document/body width both 1707px in 12/12 samples. Follow-up: corrected semicolon-separated visual globals and captured all 12 canonical theme × density samples at 1280x800; selected high contrast and dark captures visually reviewed.","docs/evidence/component-benchmarks/2026-09-28/input/reference-shadcn-input-basic-desktop.png; docs/evidence/component-benchmarks/2026-09-28/input/reference-shadcn-input-basic-320px.png","docs/evidence/component-benchmarks/2026-09-28/input/strata-input-default-desktop.png; docs/evidence/component-benchmarks/2026-09-28/input/strata-input-default-320px.png; docs/evidence/component-benchmarks/2026-09-28/input/matrix-captures.md; docs/evidence/component-benchmarks/2026-09-28/input/matrix-strata-ultra-compact.png; docs/evidence/component-benchmarks/2026-09-28/input/matrix-strata-compact.png; docs/evidence/component-benchmarks/2026-09-28/input/matrix-strata-standard.png; docs/evidence/component-benchmarks/2026-09-28/input/matrix-strata-comfortable.png; docs/evidence/component-benchmarks/2026-09-28/input/matrix-strata-dark-ultra-compact.png; docs/evidence/component-benchmarks/2026-09-28/input/matrix-strata-dark-compact.png; docs/evidence/component-benchmarks/2026-09-28/input/matrix-strata-dark-standard.png; docs/evidence/component-benchmarks/2026-09-28/input/matrix-strata-dark-comfortable.png; docs/evidence/component-benchmarks/2026-09-28/input/matrix-strata-high-contrast-ultra-compact.png; docs/evidence/component-benchmarks/2026-09-28/input/matrix-strata-high-contrast-compact.png; docs/evidence/component-benchmarks/2026-09-28/input/matrix-strata-high-contrast-standard.png; docs/evidence/component-benchmarks/2026-09-28/input/matrix-strata-high-contrast-comfortable.png","At desktop the control dimensions match after giving the Strata story a 320px field context. At 320px, widths differ because shadcn docs reserves space for its mobile navigation/content frame while the isolated Storybook input retains 16px side gutters. Strata uses its own font/radius/tokens by design. Found and corrected the shared cascade defect: a later equal-specificity :root standard fallback had overridden comfortable; :where(:root) now leaves explicit density attributes authoritative.","Verify direction and narrow reflow across the required pairwise matrix; establish determinate contrast and live screen-reader results; verify true 200% zoom, forced colors, reduced motion and Business Suite published-package/authenticated-route behavior before calibration PASS.","PASS for the default text-entry sample: native textbox named Example input.","NOT VERIFIED overall; one Tab focus sample showed :focus-visible and a 1.6px primary outline at 320px.","PARTIAL - default, icon, invalid, disabled and read-only fields persisted in 12/12 theme x density samples with correct md height; focus/hover and all component sizes remain to verify.","PASS for sampled 320px local frame (288x32 input, document/body 320px) and 1046px desktop (320x32). Narrow reference width is shell-constrained as documented.","PARTIAL - all three canonical theme globals rendered across four densities without overflow; full visual and contrast determinations remain open.","PASS - provider sm/md/lg sizes measured in 12/12 theme x density samples: ultra-compact 20/24/28px, compact 24/28/32px, standard 28/32/40px, comfortable 32/40/48px; consuming-app appearance remains unverified.","NOT VERIFIED","NOT VERIFIED overall; existing focused unit axe covers labelled/default/disabled/error samples. Live theme x density geometry adds no automated screen-reader, true zoom or OS-mode proof.","NOT VERIFIED","NOT VERIFIED","2026-09-28","Live reference remains https://ui.shadcn.com/docs/components/base/input#basic; local browser matrix uses inputs-input--default and inputs-input--all-states-gallery at 1707x772. Persisted screenshots are the prior standard-density side-by-side only; the new 12-case matrix is recorded in docs/evidence/component-benchmarks/2026-09-28/input/comparison.md and iteration-report.md, not as new screenshots. Node 22.23.3 full suite 132 files/822 tests; lint, typecheck, inventory, Storybook standards, package build and Storybook production build pass. Overall NOT VERIFIED. Fresh inputs-input--sizes Storybook matrix: 3 themes x 4 densities, all sm/md/lg geometry verified at 1707x772 with no document overflow; matrix recorded in input/comparison.md and iteration-report.md, no new screenshots persisted. Fresh inputs-input--sizes Storybook matrix: 3 themes x 4 densities, all sm/md/lg geometry verified at 1707x772 with no document overflow; matrix recorded in input/comparison.md and iteration-report.md, no new screenshots persisted. 2026-09-28 follow-up corrected visual-matrix global separator and added a fail-closed applied-global assertion; 12 URL combinations pass. Chromium 1280x800 persisted all 12 Input theme × density captures; five fields are consistently 312px wide and follow 24/28/32/40px density heights with no page overflow. See docs/evidence/component-benchmarks/2026-09-28/input/matrix-captures.md and docs/changes/strata-visual-matrix-global-url-2026-09-28.md. The icon fullWidth change is Storybook-only. Overall remains NOT VERIFIED."
"inputs","toggle-group","src/inputs/toggle-group","../src/inputs/toggle-group/toggle-group.stories.tsx","inputs-togglegroup--all-states-gallery;inputs-togglegroup--multiple-selection;inputs-togglegroup--outline-variant;inputs-togglegroup--single-selection;inputs-togglegroup--sizes","NOT VERIFIED","","","","","","","","","","","NOT VERIFIED","NOT VERIFIED","NOT VERIFIED","NOT VERIFIED","NOT VERIFIED","NOT VERIFIED","NOT VERIFIED","NOT VERIFIED","NOT VERIFIED","NOT VERIFIED","","Inventory join only; no visual or behavioral comparison claimed."
"navigation","app-launcher","src/navigation/app-launcher","../src/navigation/app-launcher/app-launcher.stories.tsx","navigation-applauncherwafflegrid--all-states-gallery;navigation-applauncherwafflegrid--anatomy-and-composition;navigation-applauncherwafflegrid--default;navigation-applauncherwafflegrid--densities;navigation-applauncherwafflegrid--open-by-default","NOT VERIFIED","","","","","","","","","","","NOT VERIFIED","NOT VERIFIED","NOT VERIFIED","NOT VERIFIED","NOT VERIFIED","NOT VERIFIED","NOT VERIFIED","NOT VERIFIED","NOT VERIFIED","NOT VERIFIED","","Inventory join only; no visual or behavioral comparison claimed."
"navigation","bookmarks-bar","src/navigation/bookmarks-bar","../src/navigation/bookmarks-bar/bookmarks-bar.stories.tsx","navigation-pinnedbookmarksbar--all-states-gallery;navigation-pinnedbookmarksbar--anatomy-and-composition;navigation-pinnedbookmarksbar--compact;navigation-pinnedbookmarksbar--default","NOT VERIFIED","","","","","","","","","","","NOT VERIFIED","NOT VERIFIED","NOT VERIFIED","NOT VERIFIED","NOT VERIFIED","NOT VERIFIED","NOT VERIFIED","NOT VERIFIED","NOT VERIFIED","NOT VERIFIED","","Inventory join only; no visual or behavioral comparison claimed."
"navigation","breadcrumb","src/navigation/breadcrumb","../src/navigation/breadcrumb/breadcrumb.stories.tsx","navigation-breadcrumb--all-states-gallery;navigation-breadcrumb--anatomy-and-composition;navigation-breadcrumb--callback-ancestor;navigation-breadcrumb--default;navigation-breadcrumb--densities;navigation-breadcrumb--collapsed-long-path","LIVE COMPARISON RECORDED; CALIBRATION OPEN","https://ui.shadcn.com/docs/components/base/breadcrumb","https://21st.dev/community/components/coss.com/coss-breadcrumb/custom-separator;https://shadcnspace.com/components/breadcrumb","shadcn/ui (primary); coss and Shadcn Space (supplemental)","Navigation landmark with ordered ancestors, noninteractive current page, custom separators, dropdown and collapsed long-path pattern; RTL examples.","2026-09-28","Live desktop 1046x714: current collapsed story vs reference; narrow 320x714: reference and Strata LTR/RTL; keyboard disclosure sample Follow-up live pairwise browser set at 1280x720: strata/ultra-compact/LTR; strata-dark/compact/LTR; strata-high-contrast/standard/RTL; strata/comfortable/RTL. Each theme and density appears at least once; new screenshots not persisted.","docs/evidence/component-benchmarks/2026-09-28/breadcrumb/reference-shadcn-breadcrumb-desktop.png; reference-shadcn-breadcrumb-320px.png","docs/evidence/component-benchmarks/2026-09-28/breadcrumb/strata-breadcrumb-collapsed-desktop.png; strata-breadcrumb-collapsed-320px.png; strata-breadcrumb-collapsed-320px-rtl.png; strata-breadcrumb-collapsed-open.png; comparison.html","Reference shows root, ellipsis, recent and current levels. Strata now does the same with a native disclosure; default continues to wrap all items. At 320px Strata retains 16px gutters and wraps to two lines without document overflow. Font, density and tokens intentionally remain Strata.","Screen-reader and true 200% zoom proof; theme/density/state matrix; Business Suite API/token/route validation.","PASS - browser snapshot confirms ordered trail and current page","PASS - Tab to named summary, Enter opens, hidden ancestor links exposed","PARTIAL - default and collapsed long path; broader states/theme interactions NOT VERIFIED","PARTIAL - desktop and 320px; wraps at 320px; no horizontal page overflow","PARTIAL - all 3 canonical themes observed in a four-case pairwise browser set; full theme x density x viewport states and contrast measurements remain open.","PARTIAL - all 4 density tiers observed in a four-case pairwise browser set at 1280x720; full theme-density matrix and narrow density interactions remain open.","PARTIAL - LTR and RTL at 320px; RTL chevrons mirror","PARTIAL - axe unit checks on collapsed and expanded states; browser AX/keyboard pass; screen reader NOT VERIFIED","FAIL - direct UI dependency links ../design-system; framework transitive UI 1.0.15 also present; broad missing-export/prop typecheck errors remain","NOT VERIFIED","2026-09-28","Packet: docs/changes/strata-breadcrumb-collapsed-reference-match-2026-09-28.md. Node 22.23.3 full suite: 132 files / 819 tests PASS; focused Breadcrumb 8/8; typecheck, Storybook standards/build, logical properties PASS. Provider pnpm build/lint now PASS after the MeridianBar token fix; 155 provider baseline violations remain. Business Suite typecheck and token gate fail (161 new pixel lengths across six files); package graph includes local direct link plus framework transitive UI 1.0.15. Consumer and screen-reader/zoom/OS-mode checks remain open. Pairwise theme/density/direction follow-up: docs/evidence/component-benchmarks/2026-09-28/breadcrumb/iteration-report.md. Existing matched screenshots remain unchanged; full gate remains NOT VERIFIED."
"navigation","minimap","src/navigation/minimap","../src/navigation/minimap/minimap.stories.tsx","navigation-canvasminimapnavigator--all-states-gallery;navigation-canvasminimapnavigator--anatomy-and-composition;navigation-canvasminimapnavigator--compact;navigation-canvasminimapnavigator--default","NOT VERIFIED","","","","","","","","","","","NOT VERIFIED","NOT VERIFIED","NOT VERIFIED","NOT VERIFIED","NOT VERIFIED","NOT VERIFIED","NOT VERIFIED","NOT VERIFIED","NOT VERIFIED","NOT VERIFIED","","Inventory join only; no visual or behavioral comparison claimed."
"navigation","pagination","src/navigation/pagination","../src/navigation/pagination/pagination.stories.tsx","navigation-pagination--all-states-gallery;navigation-pagination--anatomy-and-composition;navigation-pagination--default;navigation-pagination--densities","NOT VERIFIED","","","","","","","","","","","NOT VERIFIED","NOT VERIFIED","NOT VERIFIED","NOT VERIFIED","NOT VERIFIED","NOT VERIFIED","NOT VERIFIED","NOT VERIFIED","NOT VERIFIED","NOT VERIFIED","","Inventory join only; no visual or behavioral comparison claimed."
"navigation","sidebar","src/navigation/sidebar","../src/navigation/sidebar/sidebar.stories.tsx","navigation-sidenav--state-matrix;navigation-sidenav--v-1-account-menu;navigation-sidenav--v-1-customize-sidebar;navigation-sidenav--v-1-inset-and-variants;navigation-sidenav--v-1-team-menu;navigation-sidenav--v-1-workspace-preview","NOT VERIFIED","","","","","","","","","","","NOT VERIFIED","NOT VERIFIED","NOT VERIFIED","NOT VERIFIED","NOT VERIFIED","NOT VERIFIED","NOT VERIFIED","NOT VERIFIED","NOT VERIFIED","NOT VERIFIED","","Inventory join only; no visual or behavioral comparison claimed."
"navigation","status-bar","src/navigation/status-bar","../src/navigation/status-bar/status-bar.stories.tsx","navigation-systemstatusbar--all-states-gallery;navigation-systemstatusbar--anatomy-and-composition;navigation-systemstatusbar--default;navigation-systemstatusbar--density-gallery","NOT VERIFIED","","","","","","","","","","","NOT VERIFIED","NOT VERIFIED","NOT VERIFIED","NOT VERIFIED","NOT VERIFIED","NOT VERIFIED","NOT VERIFIED","NOT VERIFIED","NOT VERIFIED","NOT VERIFIED","","Inventory join only; no visual or behavioral comparison claimed."
"navigation","tabs","src/navigation/tabs","../src/navigation/tabs/tabs.stories.tsx","navigation-tabs--all-states-gallery;navigation-tabs--anatomy-and-composition;navigation-tabs--compound-components;navigation-tabs--density-gallery;navigation-tabs--pills;navigation-tabs--underline","NOT VERIFIED","","","","","","","","","","","NOT VERIFIED","NOT VERIFIED","NOT VERIFIED","NOT VERIFIED","NOT VERIFIED","NOT VERIFIED","NOT VERIFIED","NOT VERIFIED","NOT VERIFIED","NOT VERIFIED","","Inventory join only; no visual or behavioral comparison claimed."
"navigation","top-nav","src/navigation/top-nav","../src/navigation/top-nav/top-nav.stories.tsx","navigation-topnav--comfortable-density;navigation-topnav--compact-density;navigation-topnav--default;navigation-topnav--state-matrix;navigation-topnav--with-navigation-items","NOT VERIFIED","","","","","","","","","","","NOT VERIFIED","NOT VERIFIED","NOT VERIFIED","NOT VERIFIED","NOT VERIFIED","NOT VERIFIED","NOT VERIFIED","NOT VERIFIED","NOT VERIFIED","NOT VERIFIED","","Inventory join only; no visual or behavioral comparison claimed."
"navigation","view-switcher","src/navigation/view-switcher","../src/navigation/view-switcher/view-switcher.stories.tsx","navigation-viewswitcher--all-states-gallery;navigation-viewswitcher--anatomy-and-composition;navigation-viewswitcher--default;navigation-viewswitcher--density-gallery","NOT VERIFIED","","","","","","","","","","","NOT VERIFIED","NOT VERIFIED","NOT VERIFIED","NOT VERIFIED","NOT VERIFIED","NOT VERIFIED","NOT VERIFIED","NOT VERIFIED","NOT VERIFIED","NOT VERIFIED","","Inventory join only; no visual or behavioral comparison claimed."
"overlays","alert-banner","src/overlays/alert-banner","../src/overlays/alert-banner/alert-banner.stories.tsx","overlays-alertbanner--all-states-gallery;overlays-alertbanner--default;overlays-alertbanner--densities","NOT VERIFIED","","","","","","","","","","","NOT VERIFIED","NOT VERIFIED","NOT VERIFIED","NOT VERIFIED","NOT VERIFIED","NOT VERIFIED","NOT VERIFIED","NOT VERIFIED","NOT VERIFIED","NOT VERIFIED","","Inventory join only; no visual or behavioral comparison claimed."
"overlays","command-palette","src/overlays/command-palette","../src/overlays/command-palette/command-palette.stories.tsx","overlays-commandpalette--anatomy-and-composition;overlays-commandpalette--default;overlays-commandpalette--large;overlays-commandpalette--small","NOT VERIFIED","","","","","","","","","","","NOT VERIFIED","NOT VERIFIED","NOT VERIFIED","NOT VERIFIED","NOT VERIFIED","NOT VERIFIED","NOT VERIFIED","NOT VERIFIED","NOT VERIFIED","NOT VERIFIED","","Inventory join only; no visual or behavioral comparison claimed."
"overlays","drawer","src/overlays/drawer","../src/overlays/drawer/drawer.stories.tsx","overlays-drawer--all-states-gallery;overlays-drawer--anatomy-and-composition;overlays-drawer--left-navigation;overlays-drawer--right-inspector","NOT VERIFIED","","","","","","","","","","","NOT VERIFIED","NOT VERIFIED","NOT VERIFIED","NOT VERIFIED","NOT VERIFIED","NOT VERIFIED","NOT VERIFIED","NOT VERIFIED","NOT VERIFIED","NOT VERIFIED","","Inventory join only; no visual or behavioral comparison claimed."
"overlays","dropdown-menu","src/overlays/dropdown-menu","../src/overlays/dropdown-menu/dropdown-menu.stories.tsx","overlays-dropdownmenu--all-states-gallery;overlays-dropdownmenu--anatomy-and-composition;overlays-dropdownmenu--default;overlays-dropdownmenu--densities","NOT VERIFIED","","","","","","","","","","","NOT VERIFIED","NOT VERIFIED","NOT VERIFIED","NOT VERIFIED","NOT VERIFIED","NOT VERIFIED","NOT VERIFIED","NOT VERIFIED","NOT VERIFIED","NOT VERIFIED","","Inventory join only; no visual or behavioral comparison claimed."
"overlays","focus-trap","src/overlays/focus-trap","../src/overlays/focus-trap/focus-trap.stories.tsx","overlays-focustrap--all-states-gallery;overlays-focustrap--anatomy-and-composition;overlays-focustrap--default","NOT VERIFIED","","","","","","","","","","","NOT VERIFIED","NOT VERIFIED","NOT VERIFIED","NOT VERIFIED","NOT VERIFIED","NOT VERIFIED","NOT VERIFIED","NOT VERIFIED","NOT VERIFIED","NOT VERIFIED","","Inventory join only; no visual or behavioral comparison claimed."
"overlays","loading-overlay","src/overlays/loading-overlay","../src/overlays/loading-overlay/loading-overlay.stories.tsx","overlays-loadingoverlay--all-states-gallery;overlays-loadingoverlay--anatomy-and-composition;overlays-loadingoverlay--default","NOT VERIFIED","","","","","","","","","","","NOT VERIFIED","NOT VERIFIED","NOT VERIFIED","NOT VERIFIED","NOT VERIFIED","NOT VERIFIED","NOT VERIFIED","NOT VERIFIED","NOT VERIFIED","NOT VERIFIED","","Inventory join only; no visual or behavioral comparison claimed."
"overlays","modal","src/overlays/modal","../src/overlays/modal/modal.stories.tsx","overlays-modal--all-states-gallery;overlays-modal--anatomy-and-composition;overlays-modal--default","NOT VERIFIED","","","","","","","","","","","NOT VERIFIED","NOT VERIFIED","NOT VERIFIED","NOT VERIFIED","NOT VERIFIED","NOT VERIFIED","NOT VERIFIED","NOT VERIFIED","NOT VERIFIED","NOT VERIFIED","","Inventory join only; no visual or behavioral comparison claimed."
"overlays","notification-center","src/overlays/notification-center","../src/overlays/notification-center/notification-center.stories.tsx","overlays-notificationcenter--all-states-gallery;overlays-notificationcenter--anatomy-and-composition;overlays-notificationcenter--interactive-drawer","NOT VERIFIED","","","","","","","","","","","NOT VERIFIED","NOT VERIFIED","NOT VERIFIED","NOT VERIFIED","NOT VERIFIED","NOT VERIFIED","NOT VERIFIED","NOT VERIFIED","NOT VERIFIED","NOT VERIFIED","","Inventory join only; no visual or behavioral comparison claimed."
"overlays","popover","src/overlays/popover","../src/overlays/popover/popover.stories.tsx","overlays-popover--all-states-gallery;overlays-popover--anatomy-and-composition;overlays-popover--default","NOT VERIFIED","","","","","","","","","","","NOT VERIFIED","NOT VERIFIED","NOT VERIFIED","NOT VERIFIED","NOT VERIFIED","NOT VERIFIED","NOT VERIFIED","NOT VERIFIED","NOT VERIFIED","NOT VERIFIED","","Inventory join only; no visual or behavioral comparison claimed."
"overlays","toast","src/overlays/toast","../src/overlays/toast/toast.stories.tsx","overlays-toast--all-states-gallery;overlays-toast--anatomy-and-composition;overlays-toast--interactive","NOT VERIFIED","","","","","","","","","","","NOT VERIFIED","NOT VERIFIED","NOT VERIFIED","NOT VERIFIED","NOT VERIFIED","NOT VERIFIED","NOT VERIFIED","NOT VERIFIED","NOT VERIFIED","NOT VERIFIED","","Inventory join only; no visual or behavioral comparison claimed."
"overlays","tooltip","src/overlays/tooltip","../src/overlays/tooltip/tooltip.stories.tsx","overlays-tooltip--all-states-gallery;overlays-tooltip--anatomy-and-composition;overlays-tooltip--default","NOT VERIFIED","","","","","","","","","","","NOT VERIFIED","NOT VERIFIED","NOT VERIFIED","NOT VERIFIED","NOT VERIFIED","NOT VERIFIED","NOT VERIFIED","NOT VERIFIED","NOT VERIFIED","NOT VERIFIED","","Inventory join only; no visual or behavioral comparison claimed."
"primitives","avatar","src/primitives/avatar","../src/primitives/avatar/avatar.stories.tsx","primitives-avatar--all-states-gallery;primitives-avatar--anatomy-and-composition;primitives-avatar--default;primitives-avatar--group-sizes-and-excess;primitives-avatar--palette-matrix;primitives-avatar--shape-and-presence;primitives-avatar--sizes-and-shapes","NOT VERIFIED","","","","","","","","","","","NOT VERIFIED","NOT VERIFIED","NOT VERIFIED","NOT VERIFIED","NOT VERIFIED","NOT VERIFIED","NOT VERIFIED","NOT VERIFIED","NOT VERIFIED","NOT VERIFIED","","Inventory join only; no visual or behavioral comparison claimed."
"primitives","badge","src/primitives/badge","../src/primitives/badge/badge.stories.tsx","primitives-badge--all-states-gallery;primitives-badge--anatomy-and-composition;primitives-badge--danger;primitives-badge--default;primitives-badge--pulsing-live-badges;primitives-badge--sizes;primitives-badge--status-matrix;primitives-badge--success;primitives-badge--warning","NOT VERIFIED","","","","","","","","","","","NOT VERIFIED","NOT VERIFIED","NOT VERIFIED","NOT VERIFIED","NOT VERIFIED","NOT VERIFIED","NOT VERIFIED","NOT VERIFIED","NOT VERIFIED","NOT VERIFIED","","Inventory join only; no visual or behavioral comparison claimed."
"primitives","brand-mark","src/primitives/brand-mark","../src/primitives/brand-mark/brand-mark.stories.tsx","primitives-brandmark--all-states-gallery;primitives-brandmark--anatomy-and-composition;primitives-brandmark--compact;primitives-brandmark--default;primitives-brandmark--large-hero;primitives-brandmark--sizes-matrix","NOT VERIFIED","","","","","","","","","","","NOT VERIFIED","NOT VERIFIED","NOT VERIFIED","NOT VERIFIED","NOT VERIFIED","NOT VERIFIED","NOT VERIFIED","NOT VERIFIED","NOT VERIFIED","NOT VERIFIED","","Inventory join only; no visual or behavioral comparison claimed."
"primitives","button","src/primitives/button","../src/primitives/button/button.stories.tsx","primitives-button--all-states-gallery;primitives-button--anatomy-and-composition;primitives-button--as-child;primitives-button--danger;primitives-button--destructive;primitives-button--ghost;primitives-button--icon-button;primitives-button--loading;primitives-button--outline;primitives-button--primary;primitives-button--secondary;primitives-button--with-icons","NOT VERIFIED","","","","","","","","","","","NOT VERIFIED","NOT VERIFIED","NOT VERIFIED","NOT VERIFIED","NOT VERIFIED","NOT VERIFIED","NOT VERIFIED","NOT VERIFIED","NOT VERIFIED","NOT VERIFIED","","Inventory join only; no visual or behavioral comparison claimed."
"primitives","collapsible","src/primitives/collapsible","../src/primitives/collapsible/collapsible.stories.tsx","primitives-collapsible--all-states-gallery;primitives-collapsible--default;primitives-collapsible--default-open;primitives-collapsible--disabled","NOT VERIFIED","","","","","","","","","","","NOT VERIFIED","NOT VERIFIED","NOT VERIFIED","NOT VERIFIED","NOT VERIFIED","NOT VERIFIED","NOT VERIFIED","NOT VERIFIED","NOT VERIFIED","NOT VERIFIED","","Inventory join only; no visual or behavioral comparison claimed."
"primitives","error-boundary","src/primitives/error-boundary","../src/primitives/error-boundary/error-boundary.stories.tsx","primitives-errorboundary--all-states-gallery;primitives-errorboundary--anatomy-and-composition;primitives-errorboundary--caught-error;primitives-errorboundary--custom-fallback;primitives-errorboundary--default;primitives-errorboundary--healthy","NOT VERIFIED","","","","","","","","","","","NOT VERIFIED","NOT VERIFIED","NOT VERIFIED","NOT VERIFIED","NOT VERIFIED","NOT VERIFIED","NOT VERIFIED","NOT VERIFIED","NOT VERIFIED","NOT VERIFIED","","Inventory join only; no visual or behavioral comparison claimed."
"primitives","label","src/primitives/label","../src/primitives/label/label.stories.tsx","primitives-label--all-states-gallery;primitives-label--default;primitives-label--disabled;primitives-label--error-state;primitives-label--optional;primitives-label--required;primitives-label--sizes","NOT VERIFIED","","","","","","","","","","","NOT VERIFIED","NOT VERIFIED","NOT VERIFIED","NOT VERIFIED","NOT VERIFIED","NOT VERIFIED","NOT VERIFIED","NOT VERIFIED","NOT VERIFIED","NOT VERIFIED","","Inventory join only; no visual or behavioral comparison claimed."
"primitives","live-region","src/primitives/live-region","../src/primitives/live-region/live-region.stories.tsx","primitives-liveregion--all-states-gallery;primitives-liveregion--anatomy-and-composition;primitives-liveregion--assertive-alert;primitives-liveregion--default;primitives-liveregion--polite-banner","NOT VERIFIED","","","","","","","","","","","NOT VERIFIED","NOT VERIFIED","NOT VERIFIED","NOT VERIFIED","NOT VERIFIED","NOT VERIFIED","NOT VERIFIED","NOT VERIFIED","NOT VERIFIED","NOT VERIFIED","","Inventory join only; no visual or behavioral comparison claimed."
"primitives","portal","src/primitives/portal","../src/primitives/portal/portal.stories.tsx","primitives-portal--all-states-gallery;primitives-portal--anatomy-and-composition;primitives-portal--default","NOT VERIFIED","","","","","","","","","","","NOT VERIFIED","NOT VERIFIED","NOT VERIFIED","NOT VERIFIED","NOT VERIFIED","NOT VERIFIED","NOT VERIFIED","NOT VERIFIED","NOT VERIFIED","NOT VERIFIED","","Inventory join only; no visual or behavioral comparison claimed."
"primitives","progress","src/primitives/progress","../src/primitives/progress/progress.stories.tsx","primitives-progress--all-states-gallery;primitives-progress--anatomy-and-composition;primitives-progress--danger-warning;primitives-progress--default;primitives-progress--half-success;primitives-progress--indeterminate","NOT VERIFIED","","","","","","","","","","","NOT VERIFIED","NOT VERIFIED","NOT VERIFIED","NOT VERIFIED","NOT VERIFIED","NOT VERIFIED","NOT VERIFIED","NOT VERIFIED","NOT VERIFIED","NOT VERIFIED","","Inventory join only; no visual or behavioral comparison claimed."
"primitives","protected-view","src/primitives/protected-view","../src/primitives/protected-view/protected-view.stories.tsx","primitives-protectedcomponent--all-states-gallery;primitives-protectedcomponent--anatomy-and-composition;primitives-protectedcomponent--default;primitives-protectedcomponent--denied;primitives-protectedcomponent--granted","NOT VERIFIED","","","","","","","","","","","NOT VERIFIED","NOT VERIFIED","NOT VERIFIED","NOT VERIFIED","NOT VERIFIED","NOT VERIFIED","NOT VERIFIED","NOT VERIFIED","NOT VERIFIED","NOT VERIFIED","","Inventory join only; no visual or behavioral comparison claimed."
"primitives","scroll-area","src/primitives/scroll-area","../src/primitives/scroll-area/scroll-area.stories.tsx","primitives-scrollarea--all-states-gallery;primitives-scrollarea--hidden-scrollbars;primitives-scrollarea--horizontal-scroll;primitives-scrollarea--vertical-scroll","NOT VERIFIED","","","","","","","","","","","NOT VERIFIED","NOT VERIFIED","NOT VERIFIED","NOT VERIFIED","NOT VERIFIED","NOT VERIFIED","NOT VERIFIED","NOT VERIFIED","NOT VERIFIED","NOT VERIFIED","","Inventory join only; no visual or behavioral comparison claimed."
"primitives","separator","src/primitives/separator","../src/primitives/separator/separator.stories.tsx","primitives-separator--all-states-gallery;primitives-separator--horizontal;primitives-separator--semantic;primitives-separator--vertical","NOT VERIFIED","","","","","","","","","","","NOT VERIFIED","NOT VERIFIED","NOT VERIFIED","NOT VERIFIED","NOT VERIFIED","NOT VERIFIED","NOT VERIFIED","NOT VERIFIED","NOT VERIFIED","NOT VERIFIED","","Inventory join only; no visual or behavioral comparison claimed."
"primitives","skeleton","src/primitives/skeleton","../src/primitives/skeleton/skeleton.stories.tsx","primitives-skeleton--all-states-gallery;primitives-skeleton--anatomy-and-composition;primitives-skeleton--circle;primitives-skeleton--default","NOT VERIFIED","","","","","","","","","","","NOT VERIFIED","NOT VERIFIED","NOT VERIFIED","NOT VERIFIED","NOT VERIFIED","NOT VERIFIED","NOT VERIFIED","NOT VERIFIED","NOT VERIFIED","NOT VERIFIED","","Inventory join only; no visual or behavioral comparison claimed."
"primitives","spinner","src/primitives/spinner","../src/primitives/spinner/spinner.stories.tsx","primitives-spinner--all-states-gallery;primitives-spinner--anatomy-and-composition;primitives-spinner--default;primitives-spinner--large;primitives-spinner--medium;primitives-spinner--small","NOT VERIFIED","","","","","","","","","","","NOT VERIFIED","NOT VERIFIED","NOT VERIFIED","NOT VERIFIED","NOT VERIFIED","NOT VERIFIED","NOT VERIFIED","NOT VERIFIED","NOT VERIFIED","NOT VERIFIED","","Inventory join only; no visual or behavioral comparison claimed."
"primitives","tag","src/primitives/tag","../src/primitives/tag/tag.stories.tsx","primitives-tag--all-states-gallery;primitives-tag--anatomy-and-composition;primitives-tag--default;primitives-tag--palette;primitives-tag--removable;primitives-tag--shapes","NOT VERIFIED","","","","","","","","","","","NOT VERIFIED","NOT VERIFIED","NOT VERIFIED","NOT VERIFIED","NOT VERIFIED","NOT VERIFIED","NOT VERIFIED","NOT VERIFIED","NOT VERIFIED","NOT VERIFIED","","Inventory join only; no visual or behavioral comparison claimed."
"primitives","visually-hidden","src/primitives/visually-hidden","../src/primitives/visually-hidden/visually-hidden.stories.tsx","primitives-visuallyhidden--default","NOT VERIFIED","","","","","","","","","","","NOT VERIFIED","NOT VERIFIED","NOT VERIFIED","NOT VERIFIED","NOT VERIFIED","NOT VERIFIED","NOT VERIFIED","NOT VERIFIED","NOT VERIFIED","NOT VERIFIED","","Inventory join only; no visual or behavioral comparison claimed."
"shells","app-shell","src/shells/app-shell","../src/shells/app-shell/app-shell.stories.tsx","shells-appshell--app-shell-1;shells-appshell--app-shell-2;shells-appshell--app-shell-3;shells-appshell--app-shell-4;shells-appshell--app-shell-5;shells-appshell--default","LIVE COMPARISON RECORDED; CALIBRATION OPEN","https://www.shadcnblocks.com/block/dashboard16","https://experience.sap.com/fiori-design-web/dynamic-side-content/; https://experience.sap.com/fiori-design-web/side-panel/; https://ui.shadcn.com/docs/components/base/resizable","Shadcnblocks Dashboard 16; SAP Fiori; shadcn/ui","Dashboard 16: navigation, central operations dashboard, persistent right bookings context panel. SAP guidance: contextual side content, main task remains available, responsive panel behavior. shadcn: keyboard-supported resizable panels; no splitter added to AppShell contract.","2026-09-28","AppShell-1 to 4 compared in prior evidence; AppShell-5 selected desktop/tablet/mobile captures at 1440x900, 1200x900, 1024x900 and 390x844. Primary reference is fixed 668x501 preview, not a matched live viewport. Selection, detail update, close and focus return checked.","docs/evidence/component-benchmarks/2026-09-28/app-shell/reference-shell1.png; docs/evidence/component-benchmarks/2026-09-28/app-shell/reference-shell2.png; docs/evidence/component-benchmarks/2026-09-28/app-shell/reference-shell5.png; docs/evidence/component-benchmarks/2026-09-28/app-shell/comparison-app-shell-4.html; https://cdn.shadcnblocks.com/shadcnblocks/screenshots/block/dashboard16-4x3.webp","http://localhost:6006/iframe.html?id=shells-appshell--app-shell-1&viewMode=story; http://localhost:6006/iframe.html?id=shells-appshell--app-shell-2&viewMode=story; http://localhost:6006/iframe.html?id=shells-appshell--app-shell-3&viewMode=story; http://localhost:6006/iframe.html?id=shells-appshell--app-shell-4&viewMode=story; docs/evidence/component-benchmarks/2026-09-28/app-shell/strata-app-shell-1-mobile-open.png; docs/evidence/component-benchmarks/2026-09-28/app-shell/app-shell-5-desktop.png; docs/evidence/component-benchmarks/2026-09-28/app-shell/app-shell-5-tablet.png; docs/evidence/component-benchmarks/2026-09-28/app-shell/app-shell-5-mobile.png; docs/evidence/component-benchmarks/2026-09-28/app-shell/comparison.md","Initial 300px shell-fixture sidebar was wider than reference. Fixture now uses 16rem; inset story retains elevated workspace; floating story now includes reference-like module tabs. AppShell-4 previously showed an extra left rail and omitted the second navigation row; its story now uses horizontal module navigation plus a separately labelled workspace-view row. Strata retains breadcrumbs, platform controls, and a denser illustrative workspace. AppShell-5 now has a related, selectable illustrative inspector, an accessible close action and responsive reflow. At 1440px the inspector is 360px; at 1200/1024 it is below the workspace; at 390 it stacks beneath. Dashboard 16 is the visual analogue only; its booking semantics are not equivalent.","Complete all shell variant/state, keyboard and screen-reader matrices; themes/density/direction/zoom/OS modes; and authenticated Business Suite journey proof. Do not infer consumer integration from Storybook.","PARTIAL — reference navigation/header/content structure is present; real consumer task semantics and permissions not verified","NOT VERIFIED","NOT VERIFIED","PARTIAL — AppShell-5 no-overflow geometry measured at 1440, 1200, 1024 and 390; inspector positions below workspace at <=1200 and stacks below at mobile. Other variants and responsive states remain unverified.","NOT VERIFIED","NOT VERIFIED","NOT VERIFIED","PARTIAL — AppShell-5 labelled complementary panel, selected row semantics, close action and focus restoration observed; screen reader, full keyboard journey, contrast and zoom remain unverified.","NOT VERIFIED","NOT VERIFIED","2026-09-28","Direct desktop visual comparison for AppShell variants 1–4. Shell 4 uses Shadcnblocks Application Shell 4 published preview; its live preview endpoint returned 403. Shell 4 AX identifies Module navigation and Workspace views; the HTML pair artifact could not be opened through the browser because local file URLs are blocked by policy. Reference previews are fixed images; no pixel-matched live viewport. Overall readiness remains open. AppShell-5 R2 packet: docs/changes/strata-app-shell-5-inspector-calibration-2026-09-28.md. Browser captures and qualitative reference limits recorded in docs/evidence/component-benchmarks/2026-09-28/app-shell/comparison.md. Browser errors: none. Business Suite journey and full matrices remain open; overall NOT VERIFIED."
"shells","catalog-shell","src/shells/catalog-shell","../src/shells/catalog-shell/catalog-shell.stories.tsx","shells-catalogshell--default;shells-catalogshell--product-detail-listing;shells-catalogshell--rtl-preview;shells-catalogshell--state-matrix;shells-catalogshell--v-1-workspace-preview","NOT VERIFIED","","","","","","","","","","","NOT VERIFIED","NOT VERIFIED","NOT VERIFIED","NOT VERIFIED","NOT VERIFIED","NOT VERIFIED","NOT VERIFIED","NOT VERIFIED","NOT VERIFIED","NOT VERIFIED","","Inventory join only; no visual or behavioral comparison claimed."
"shells","dashboard-shell","src/shells/dashboard-shell","../src/shells/dashboard-shell/dashboard-shell.stories.tsx","shells-dashboardshell--dashboard-shell-1;shells-dashboardshell--dashboard-shell-2;shells-dashboardshell--dashboard-shell-3;shells-dashboardshell--dashboard-shell-4;shells-dashboardshell--dashboard-shell-5;shells-dashboardshell--default","LIVE COMPARISON RECORDED; CALIBRATION OPEN","https://www.shadcnblocks.com/block/dashboard9","https://www.shadcnblocks.com/blocks/application-shell; https://shadcnstudio.com/blocks/dashboard-and-application/application-shell","Shadcnblocks; Shadcn Studio taxonomy only","Sales overview dashboard: sidebar/header, 3 accounting summary cards, pipeline/revenue chart panels, recent orders, and fulfillment tracker; date/platform/product filters","2026-09-28","DashboardShell-1 standard desktop light; reference fixed preview 668x501; local full dashboard captured at 2000x1600; scaled equal 4:3 panels, not matched viewport","docs/evidence/component-benchmarks/2026-09-28/dashboard-shell/reference-dashboard9.png","http://localhost:6006/iframe.html?id=shells-dashboardshell--dashboard-shell-1&viewMode=story; docs/evidence/component-benchmarks/2026-09-28/dashboard-shell/strata-dashboard-shell-1.png","Core summary/panel/records hierarchy is similar. Reference places order table and fulfillment tracker side by side and includes date/platform/product filters and order filtering/pagination. Strata currently uses a full-width records slot, synthetic transactions, and cohort analysis; no filter flow is demonstrated","Inspect other variants and active consumer; define owner for dashboard filters and data; select layout by observed Business Suite workflow before changing generic slots; verify consumer states, responsive/theme/density/direction, keyboard and screen reader","PARTIAL — generic executive/sales overview task fits; Business Suite task and data semantics unverified","NOT VERIFIED","PARTIAL — populated sample story only; other states and consumer data states undefined","NOT VERIFIED","NOT VERIFIED","NOT VERIFIED","NOT VERIFIED","PARTIAL — named table region and semantic headings present in story; full keyboard, screen-reader and contrast checks open","NOT VERIFIED","NOT VERIFIED","2026-09-28","One scaled desktop comparison against a current sales dashboard reference. DashboardShell source marks the component experimental; no Business Suite integration proof. See comparison.md."
"shells","data-shell","src/shells/data-shell","../src/shells/data-shell/data-shell.stories.tsx","shells-dataworkspace--default;shells-dataworkspace--density-modes;shells-dataworkspace--rtl-preview;shells-dataworkspace--state-matrix","NOT VERIFIED","","","","","","","","","","","NOT VERIFIED","NOT VERIFIED","NOT VERIFIED","NOT VERIFIED","NOT VERIFIED","NOT VERIFIED","NOT VERIFIED","NOT VERIFIED","NOT VERIFIED","NOT VERIFIED","","Inventory join only; no visual or behavioral comparison claimed."
"shells","editor-shell","src/shells/editor-shell","../src/shells/editor-shell/editor-shell.stories.tsx","shells-editorialshell--default;shells-editorialshell--density-gallery;shells-editorialshell--rtl-preview;shells-editorialshell--state-matrix","NOT VERIFIED","","","","","","","","","","","NOT VERIFIED","NOT VERIFIED","NOT VERIFIED","NOT VERIFIED","NOT VERIFIED","NOT VERIFIED","NOT VERIFIED","NOT VERIFIED","NOT VERIFIED","NOT VERIFIED","","Inventory join only; no visual or behavioral comparison claimed."
"shells","manifest","src/shells/manifest","../src/shells/manifest/manifest.stories.tsx","shells-manifest--admin-all-permissions;shells-manifest--default;shells-manifest--read-only-permissions;shells-manifest--rtl-preview;shells-manifest--state-matrix","NOT VERIFIED","","","","","","","","","","","NOT VERIFIED","NOT VERIFIED","NOT VERIFIED","NOT VERIFIED","NOT VERIFIED","NOT VERIFIED","NOT VERIFIED","NOT VERIFIED","NOT VERIFIED","NOT VERIFIED","","Inventory join only; no visual or behavioral comparison claimed."
"shells","record-shell","src/shells/record-shell","../src/shells/record-shell/record-shell.stories.tsx","shells-recordshell--collapsed-rail;shells-recordshell--default;shells-recordshell--density-gallery;shells-recordshell--rtl-preview;shells-recordshell--state-matrix;shells-recordshell--three-pane-record","NOT VERIFIED","","","","","","","","","","","NOT VERIFIED","NOT VERIFIED","NOT VERIFIED","NOT VERIFIED","NOT VERIFIED","NOT VERIFIED","NOT VERIFIED","NOT VERIFIED","NOT VERIFIED","NOT VERIFIED","","Inventory join only; no visual or behavioral comparison claimed."
"shells","settings-shell","src/shells/settings-shell","../src/shells/settings-shell/settings-shell.stories.tsx","shells-settingsshell--default;shells-settingsshell--density-gallery;shells-settingsshell--dirty-unsaved-state;shells-settingsshell--rtl-preview;shells-settingsshell--state-matrix","NOT VERIFIED","","","","","","","","","","","NOT VERIFIED","NOT VERIFIED","NOT VERIFIED","NOT VERIFIED","NOT VERIFIED","NOT VERIFIED","NOT VERIFIED","NOT VERIFIED","NOT VERIFIED","NOT VERIFIED","","Inventory join only; no visual or behavioral comparison claimed."
"shells","strata-bar","src/shells/strata-bar","../src/shells/strata-bar/strata-bar.stories.tsx","shells-stratabar--anatomy-and-composition;shells-stratabar--default;shells-stratabar--density-gallery;shells-stratabar--rtl-preview;shells-stratabar--state-matrix;shells-stratabar--with-lifecycle","NOT VERIFIED","","","","","","","","","","","NOT VERIFIED","NOT VERIFIED","NOT VERIFIED","NOT VERIFIED","NOT VERIFIED","NOT VERIFIED","NOT VERIFIED","NOT VERIFIED","NOT VERIFIED","NOT VERIFIED","","Inventory join only; no visual or behavioral comparison claimed."
"templates","dashboard-page","src/templates/dashboard-page","../src/templates/dashboard-page/dashboard-page.stories.tsx","templates-dashboardgridlayout--all-states-gallery;templates-dashboardgridlayout--anatomy-and-composition;templates-dashboardgridlayout--default;templates-dashboardgridlayout--density-gallery","NOT VERIFIED","","","","","","","","","","","NOT VERIFIED","NOT VERIFIED","NOT VERIFIED","NOT VERIFIED","NOT VERIFIED","NOT VERIFIED","NOT VERIFIED","NOT VERIFIED","NOT VERIFIED","NOT VERIFIED","","Inventory join only; no visual or behavioral comparison claimed."
"templates","detail-page","src/templates/detail-page","../src/templates/detail-page/detail-page.stories.tsx","templates-detailpagetemplate--all-states-gallery;templates-detailpagetemplate--anatomy-and-composition;templates-detailpagetemplate--default;templates-detailpagetemplate--density-gallery","NOT VERIFIED","","","","","","","","","","","NOT VERIFIED","NOT VERIFIED","NOT VERIFIED","NOT VERIFIED","NOT VERIFIED","NOT VERIFIED","NOT VERIFIED","NOT VERIFIED","NOT VERIFIED","NOT VERIFIED","","Inventory join only; no visual or behavioral comparison claimed."
"templates","list-page","src/templates/list-page","../src/templates/list-page/list-page.stories.tsx","templates-listpagetemplate--all-states-gallery;templates-listpagetemplate--anatomy-and-composition;templates-listpagetemplate--default;templates-listpagetemplate--density-gallery","NOT VERIFIED","","","","","","","","","","","NOT VERIFIED","NOT VERIFIED","NOT VERIFIED","NOT VERIFIED","NOT VERIFIED","NOT VERIFIED","NOT VERIFIED","NOT VERIFIED","NOT VERIFIED","NOT VERIFIED","","Inventory join only; no visual or behavioral comparison claimed."
"templates","page-header","src/templates/page-header","../src/templates/page-header/page-header.stories.tsx","templates-pageheader--all-states-gallery;templates-pageheader--anatomy-and-composition;templates-pageheader--default;templates-pageheader--density-gallery","NOT VERIFIED","","","","","","","","","","","NOT VERIFIED","NOT VERIFIED","NOT VERIFIED","NOT VERIFIED","NOT VERIFIED","NOT VERIFIED","NOT VERIFIED","NOT VERIFIED","NOT VERIFIED","NOT VERIFIED","","Inventory join only; no visual or behavioral comparison claimed."
"templates","print-page","src/templates/print-page","../src/templates/print-page/print-page.stories.tsx","templates-printlayout--all-states-gallery;templates-printlayout--anatomy-and-composition;templates-printlayout--default;templates-printlayout--density-gallery","NOT VERIFIED","","","","","","","","","","","NOT VERIFIED","NOT VERIFIED","NOT VERIFIED","NOT VERIFIED","NOT VERIFIED","NOT VERIFIED","NOT VERIFIED","NOT VERIFIED","NOT VERIFIED","NOT VERIFIED","","Inventory join only; no visual or behavioral comparison claimed."
"templates","split-detail-page","src/templates/split-detail-page","../src/templates/split-detail-page/split-detail-page.stories.tsx","templates-splitmasterdetailtemplate--all-states-gallery;templates-splitmasterdetailtemplate--default;templates-splitmasterdetailtemplate--density-gallery;templates-splitmasterdetailtemplate--empty-detail","NOT VERIFIED","","","","","","","","","","","NOT VERIFIED","NOT VERIFIED","NOT VERIFIED","NOT VERIFIED","NOT VERIFIED","NOT VERIFIED","NOT VERIFIED","NOT VERIFIED","NOT VERIFIED","NOT VERIFIED","","Inventory join only; no visual or behavioral comparison claimed."
"templates","wizard-page","src/templates/wizard-page","../src/templates/wizard-page/wizard-page.stories.tsx","templates-multistepwizard--all-states-gallery;templates-multistepwizard--default;templates-multistepwizard--density-gallery;templates-multistepwizard--final-step;templates-multistepwizard--middle-step","NOT VERIFIED","","","","","","","","","","","NOT VERIFIED","NOT VERIFIED","NOT VERIFIED","NOT VERIFIED","NOT VERIFIED","NOT VERIFIED","NOT VERIFIED","NOT VERIFIED","NOT VERIFIED","NOT VERIFIED","","Inventory join only; no visual or behavioral comparison claimed."
"navigation","strata-app-grid","src/navigation/strata-app-grid","../src/navigation/strata-app-grid/strata-app-grid.stories.tsx","navigation-strataappgrid--default;navigation-strataappgrid--empty","LIVE COMPARISON RECORDED; CALIBRATION OPEN","https://help.salesforce.com/s/articleView?id=sf.basics_app_launcher_lex.htm&language=en_US&type=5","","Salesforce Help; Salesforce Lightning Experience","Salesforce App Launcher: heading/search, three-column app tiles with app-specific icons and reorder handles, then a separate All Items list.","2026-09-28","Reference screenshot and Storybook default captured at 1000x605; default state only. Storybook shell screenshot and the actual app launcher screenshot are saved side by side in the evidence directory.","docs/evidence/component-benchmarks/2026-09-28/strata-app-grid/comparison.md","docs/evidence/component-benchmarks/2026-09-28/strata-app-grid/storybook-default-1000x605.png","Initial centered Storybook fixture constrained the grid to one column. After setting a realistic padded story and 52rem maximum width, six items render in 3 columns at 1000x605; tile width 269px and height 66.6px versus approx 262x67px in reference. Salesforce reference includes search/header, app marks, reorder handles and All Items; consumer owns filters/data.","Keep shell card geometry; retain page search/filter in Business Suite. Review distinct app icon treatment only if shared app-grid task requires it. Full themes/density/RTL/responsive/AT/consumer journey remain open.","PASS — consumer-supplied application links render with clear names/descriptions and nav landmark; consumer controls authorization.","NOT VERIFIED — Tab focus visible (2px focus color, computed width 1.6px at 1.25 device scaling); Enter activation and screen reader flow not run.","NOT VERIFIED — default and empty code paths exist; reference/current visual state matrix not reviewed.","NOT VERIFIED","NOT VERIFIED","NOT VERIFIED","NOT VERIFIED","NOT VERIFIED — semantic nav/list/links and visible keyboard focus observed; axe/AT not run.","NOT VERIFIED — Business Suite uses it on app catalog and home, but route journey/tenant entitlement not validated.","NOT VERIFIED","2026-09-28","Actual package component and Storybook story inspected; Storybook centered-layout defect corrected to padded and bounded 52rem content width. Geometry is close, but overall stays open until consumer routes, responsive/theme/density/direction and accessibility matrix pass."
"overlays","keyboard-shortcuts-help","src/overlays/keyboard-shortcuts-help","../src/overlays/keyboard-shortcuts-help/keyboard-shortcuts-help.stories.tsx","overlays-keyboardshortcutshelp--default","REFERENCE CANDIDATE — NOT VERIFIED","https://ui.shadcn.com/docs/components/dialog","","shadcn/ui Dialog","Reference not inspected in this iteration.","2026-09-28","Not captured.","","","Not compared in this iteration.","Capture an opened and keyboard-navigated help dialog against an equivalent online pattern.","NOT VERIFIED","NOT VERIFIED","NOT VERIFIED","NOT VERIFIED","NOT VERIFIED","NOT VERIFIED","NOT VERIFIED","NOT VERIFIED","NOT VERIFIED","NOT VERIFIED","2026-09-28","Added to current inventory with explicit unverified status; comparison remains outstanding."
"overlays","tab-context-menu","src/overlays/tab-context-menu","../src/overlays/tab-context-menu/tab-context-menu.stories.tsx","overlays-tabcontextmenu--tab-actions;overlays-tabcontextmenu--tab-strip-actions","REFERENCE CANDIDATE — NOT VERIFIED","https://ui.shadcn.com/docs/components/base/context-menu","","shadcn/ui Context Menu","Reference not inspected in this iteration.","2026-09-28","Not captured.","","","Not compared in this iteration.","Capture triggered menu, action groups, disabled actions and keyboard transitions against an equivalent online pattern.","NOT VERIFIED","NOT VERIFIED","NOT VERIFIED","NOT VERIFIED","NOT VERIFIED","NOT VERIFIED","NOT VERIFIED","NOT VERIFIED","NOT VERIFIED","NOT VERIFIED","2026-09-28","Added to current inventory with explicit unverified status; comparison remains outstanding."
